time,seconds_elapsed,z,y,x
1789061758004257500,0.077257568359375,-24.01232147216797,-26.50408172607422,25.605731964111328
1789061758014218500,0.087218505859375,-24.211074829101562,-26.358230590820312,25.689403533935547
1789061758024178400,0.097178466796875,-24.51604461669922,-26.346542358398438,25.702045440673828
1789061758034139600,0.1071396484375,-24.499069213867188,-26.234756469726562,25.733448028564453
1789061758044099600,0.117099609375,-24.417137145996094,-26.340538024902344,25.606266021728516
1789061758054060500,0.127060546875,-24.460899353027344,-26.44355010986328,25.605449676513672
1789061758064020700,0.137020751953125,-24.569656372070312,-26.545700073242188,25.61227798461914
1789061758073981400,0.1469814453125,-24.433486938476562,-26.558021545410156,25.572040557861328
1789061758083941400,0.15694140625,-24.497177124023438,-26.689300537109375,25.575054168701172
1789061758093902600,0.166902587890625,-24.46295166015625,-26.65167999267578,25.60165023803711
1789061758103862500,0.176862548828125,-24.459754943847656,-26.771141052246094,25.57332992553711
1789061758113823500,0.186823486328125,-24.27495574951172,-26.873130798339844,25.63985824584961
1789061758123783700,0.19678369140625,-23.86188507080078,-27.05548095703125,25.694477081298828
1789061758133744400,0.206744384765625,-23.554031372070312,-27.17022705078125,25.853130340576172
1789061758143704300,0.216704345703125,-23.353225708007812,-27.21479034423828,26.07735824584961
1789061758153665500,0.22666552734375,-23.298851013183594,-27.295303344726562,26.29812240600586
1789061758163625500,0.23662548828125,-22.907546997070312,-27.311309814453125,26.428730010986328
1789061758173586700,0.246586669921875,-22.813858032226562,-27.22148895263672,26.546810150146484
1789061758183546600,0.256546630859375,-22.88361358642578,-27.1773681640625,26.448566436767578
1789061758193507300,0.26650732421875,-22.939239501953125,-27.19940185546875,26.478557586669922
1789061758203467500,0.276467529296875,-22.926956176757812,-27.061058044433594,26.528804779052734
1789061758213428500,0.286428466796875,-22.928001403808594,-27.028854370117188,26.320430755615234
1789061758223388400,0.296388427734375,-23.03730010986328,-27.0238037109375,26.365795135498047
1789061758233349600,0.306349609375,-23.17768096923828,-27.144004821777344,26.23550033569336
1789061758243309600,0.3163095703125,-23.25202178955078,-27.093002319335938,26.330684661865234
1789061758253270500,0.3262705078125,-23.305870056152344,-27.010704040527344,26.235591888427734
1789061758263230500,0.33623046875,-23.51709747314453,-27.082717895507812,26.121898651123047
1789061758273191400,0.34619140625,-23.647247314453125,-27.054298400878906,26.030216217041016
1789061758283151600,0.356151611328125,-23.70690155029297,-27.0323486328125,26.151561737060547
1789061758293112600,0.366112548828125,-23.534873962402344,-26.929962158203125,25.981754302978516
1789061758303072500,0.376072509765625,-23.773727416992188,-26.963645935058594,26.06235122680664
1789061758313033500,0.386033447265625,-23.84772491455078,-26.94664764404297,25.990543365478516
1789061758322993400,0.395993408203125,-23.989646911621094,-26.889022827148438,26.003711700439453
1789061758332954400,0.405954345703125,-24.02306365966797,-26.834762573242188,26.148723602294922
1789061758342914600,0.41591455078125,-24.032997131347656,-26.838401794433594,25.906551361083984
1789061758352875500,0.42587548828125,-24.026870727539062,-26.74822235107422,25.935039520263672
1789061758362835500,0.43583544921875,-24.15545654296875,-26.629859924316406,25.867717742919922
1789061758372796400,0.44579638671875,-24.223236083984375,-26.60204315185547,25.90494155883789
1789061758382756400,0.45575634765625,-24.39844512939453,-26.617630004882812,25.866519927978516
1789061758392717600,0.465717529296875,-24.62104034423828,-26.62718963623047,25.784088134765625
1789061758402677500,0.475677490234375,-24.91999053955078,-26.4879150390625,25.723716735839844
1789061758412638500,0.485638427734375,-25.059547424316406,-26.35991668701172,25.76416015625
1789061758422598700,0.4955986328125,-24.978065490722656,-26.20789337158203,25.80022430419922
1789061758432559600,0.5055595703125,-24.973365783691406,-26.24201202392578,25.709762573242188
1789061758442519600,0.51551953125,-25.090431213378906,-26.12609100341797,25.703468322753906
1789061758452480500,0.52548046875,-25.344276428222656,-26.15948486328125,25.659255981445312
1789061758462440400,0.5354404296875,-25.146682739257812,-25.969894409179688,25.597946166992188
1789061758472401700,0.545401611328125,-25.506332397460938,-25.998687744140625,25.6177978515625
1789061758482361600,0.555361572265625,-25.755699157714844,-25.903732299804688,25.607406616210938
1789061758492322600,0.565322509765625,-25.755699157714844,-25.903732299804688,25.607406616210938
1789061758502282500,0.575282470703125,-25.885330200195312,-25.70014190673828,25.679283142089844
1789061758512243500,0.585243408203125,-25.78961181640625,-25.671470642089844,25.61187744140625
1789061758522204700,0.59520458984375,-25.82642364501953,-25.676773071289062,25.60845947265625
1789061758532164600,0.60516455078125,-25.78631591796875,-25.606727600097656,25.61603546142578
1789061758542125600,0.61512548828125,-25.867919921875,-25.441848754882812,25.73436737060547
1789061758552085800,0.625085693359375,-26.534011840820312,-25.39488983154297,25.57225799560547
1789061758562046500,0.63504638671875,-26.47802734375,-25.33758544921875,25.484474182128906
1789061758572006400,0.64500634765625,-26.420127868652344,-25.16173553466797,25.485740661621094
1789061758581966800,0.654966796875,-26.47167205810547,-25.137725830078125,25.431068420410156
1789061758591926800,0.6649267578125,-26.400314331054688,-24.98619842529297,25.345123291015625
1789061758601887700,0.6748876953125,-26.461463928222656,-25.007415771484375,25.44207000732422
1789061758611848000,0.684847900390625,-26.606460571289062,-24.91699981689453,25.402549743652344
1789061758621808600,0.69480859375,-26.718063354492188,-24.984115600585938,25.383285522460938
1789061758631768600,0.7047685546875,-26.718063354492188,-24.984115600585938,25.383285522460938
1789061758641729800,0.714729736328125,-26.911842346191406,-24.84325408935547,25.29039764404297
1789061758651689700,0.724689697265625,-26.656410217285156,-24.72100067138672,25.33794403076172
1789061758661650700,0.734650634765625,-26.761947631835938,-24.7659912109375,25.290725708007812
1789061758671611000,0.74461083984375,-27.167572021484375,-24.64142608642578,25.310157775878906
1789061758681571800,0.75457177734375,-26.96678924560547,-24.806724548339844,25.141510009765625
1789061758691531800,0.76453173828125,-26.973182678222656,-24.549827575683594,25.182174682617188
1789061758701492700,0.77449267578125,-26.957077026367188,-24.689117431640625,25.21717071533203
1789061758711452700,0.78445263671875,-27.181015014648438,-24.619903564453125,25.347434997558594
1789061758721414000,0.794413818359375,-27.321319580078125,-24.580429077148438,25.465484619140625
1789061758731373800,0.804373779296875,-27.1566162109375,-24.582244873046875,25.405609130859375
1789061758741334800,0.814334716796875,-27.164199829101562,-24.536476135253906,25.414329528808594
1789061758751295000,0.824294921875,-26.98687744140625,-24.501007080078125,25.31982421875
1789061758761255700,0.834255615234375,-27.037681579589844,-24.572250366210938,25.30158233642578
1789061758771215600,0.844215576171875,-27.062484741210938,-24.482284545898438,25.358810424804688
1789061758781176800,0.8541767578125,-27.05810546875,-24.567405700683594,25.315574645996094
1789061758791136800,0.86413671875,-26.933982849121094,-24.556961059570312,25.37078094482422
1789061758801098000,0.874097900390625,-26.879066467285156,-24.605987548828125,25.378570556640625
1789061758811058000,0.884057861328125,-27.03253173828125,-24.685585021972656,25.378318786621094
1789061758821018600,0.8940185546875,-27.049514770507812,-24.65636444091797,25.26209259033203
1789061758830978800,0.903978759765625,-26.986297607421875,-24.63641357421875,25.380294799804688
1789061758840939800,0.913939697265625,-26.970054626464844,-24.64415740966797,25.335037231445312
1789061758850899700,0.923899658203125,-26.855224609375,-24.641998291015625,25.583518981933594
1789061758860861000,0.93386083984375,-27.1126708984375,-24.69190216064453,25.59014892578125
1789061758870820900,0.94382080078125,-26.996429443359375,-24.83332061767578,25.647323608398438
1789061758880781800,0.95378173828125,-26.833091735839844,-24.77899932861328,25.66876220703125
1789061758890741800,0.96374169921875,-26.748947143554688,-24.737594604492188,25.72466278076172
1789061758900702700,0.97370263671875,-26.713844299316406,-24.875732421875,25.761924743652344
1789061758910664000,0.983663818359375,-26.42761993408203,-24.926910400390625,25.891876220703125
1789061758920623900,0.993623779296875,-26.338333129882812,-25.129539489746094,25.96746063232422
1789061758930584600,1.00358447265625,-25.919387817382812,-25.20447540283203,26.231773376464844
1789061758940544800,1.013544677734375,-25.6358642578125,-25.2535400390625,26.233810424804688
1789061758950505700,1.023505615234375,-25.383651733398438,-25.28217315673828,26.493453979492188
1789061758960465700,1.033465576171875,-24.909278869628906,-25.387359619140625,26.610137939453125
1789061758970427000,1.043427001953125,-24.69762420654297,-25.59996795654297,26.859573364257812
1789061758980386800,1.05338671875,-24.425743103027344,-25.78308868408203,27.085407257080078
1789061758990347800,1.06334765625,-24.25214385986328,-25.651031494140625,27.46712875366211
1789061759000307700,1.0733076171875,-24.140480041503906,-25.605728149414062,27.753719329833984
1789061759010268700,1.0832685546875,-23.656097412109375,-25.574363708496094,27.780620574951172
1789061759020228900,1.093228759765625,-23.566253662109375,-25.679100036621094,27.723011016845703
1789061759030189800,1.10318994140625,-23.537399291992188,-25.712379455566406,27.693004608154297
1789061759040149800,1.113149658203125,-23.551734924316406,-25.881088256835938,27.655155181884766
1789061759050110700,1.12311083984375,-23.880470275878906,-25.831787109375,27.299762725830078
1789061759060070700,1.133070556640625,-24.13433837890625,-25.945823669433594,27.00585174560547
1789061759070032000,1.143031982421875,-24.324981689453125,-25.848304748535156,26.451255798339844
1789061759079991800,1.15299169921875,-25.044044494628906,-25.82733154296875,26.14507293701172
1789061759089952800,1.162952880859375,-25.390869140625,-25.733543395996094,25.787826538085938
1789061759099913000,1.172912841796875,-25.828025817871094,-25.683273315429688,25.66646957397461
1789061759109873700,1.182873779296875,-26.031097412109375,-25.638038635253906,25.426403045654297
1789061759119833600,1.19283349609375,-26.21001434326172,-25.624046325683594,25.286685943603516
1789061759129794800,1.202794921875,-26.2867431640625,-25.640701293945312,25.416545867919922
1789061759139754800,1.212754638671875,-26.26203155517578,-25.781051635742188,25.46329116821289
1789061759149715700,1.2227158203125,-25.801673889160156,-25.928604125976562,25.579769134521484
1789061759159676000,1.232676025390625,-25.348922729492188,-26.06220245361328,25.679500579833984
1789061759169636600,1.24263671875,-24.91205596923828,-26.161415100097656,25.823665618896484
1789061759179596500,1.252596435546875,-24.78107452392578,-26.30066680908203,25.971416473388672
1789061759189557800,1.262557861328125,-24.647994995117188,-26.377487182617188,26.034236907958984
1789061759199518700,1.272518798828125,-24.88654327392578,-26.545654296875,26.042030334472656
1789061759209479000,1.28247900390625,-24.58367919921875,-26.656517028808594,25.93444061279297
1789061759219439900,1.29243994140625,-24.462547302246094,-26.800155639648438,25.827896118164062
1789061759229399800,1.30239990234375,-24.689651489257812,-26.983261108398438,25.575035095214844
1789061759239360800,1.31236083984375,-25.03375244140625,-26.921737670898438,25.336692810058594
1789061759249320700,1.32232080078125,-25.074462890625,-26.89867401123047,25.22308349609375
1789061759259282000,1.332281982421875,-25.28473663330078,-26.999588012695312,24.881942749023438
1789061759269241900,1.342241943359375,-25.29254150390625,-27.07178497314453,24.80638885498047
1789061759279202800,1.352202880859375,-25.493568420410156,-27.081703186035156,24.582969665527344
1789061759289162800,1.362162841796875,-25.43347930908203,-27.17151641845703,24.4613037109375
1789061759299123700,1.372123779296875,-25.674606323242188,-27.246299743652344,24.367881774902344
1789061759309083600,1.382083740234375,-25.590057373046875,-27.19403839111328,24.31157684326172
1789061759319044900,1.392044921875,-25.84636688232422,-27.21607208251953,24.27426528930664
1789061759329004800,1.4020048828125,-25.88037109375,-27.19615936279297,24.136703491210938
1789061759338965800,1.4119658203125,-26.118850708007812,-27.05809783935547,24.07089614868164
1789061759348926000,1.421926025390625,-26.21569061279297,-27.022994995117188,24.180103302001953
1789061759358886700,1.43188671875,-26.284652709960938,-27.149993896484375,24.059207916259766
1789061759368846600,1.4418466796875,-26.383949279785156,-26.865150451660156,23.944580078125
1789061759378807800,1.451807861328125,-26.489036560058594,-26.821632385253906,23.921802520751953
1789061759388767700,1.461767822265625,-26.584083557128906,-26.868873596191406,23.76019287109375
1789061759398729000,1.47172900390625,-26.500038146972656,-26.862037658691406,23.787364959716797
1789061759408689000,1.48168896484375,-26.483001708984375,-26.884788513183594,23.663246154785156
1789061759418649600,1.491649658203125,-26.56311798095703,-26.955062866210938,23.660797119140625
1789061759428609800,1.50160986328125,-26.23883819580078,-26.920745849609375,23.738651275634766
1789061759438570800,1.51157080078125,-26.173561096191406,-27.009994506835938,23.836402893066406
1789061759448532000,1.521531982421875,-26.345420837402344,-27.10430145263672,23.853809356689453
1789061759458492000,1.531491943359375,-26.20496368408203,-27.180442810058594,23.85108184814453
1789061759468452600,1.54145263671875,-26.298248291015625,-27.157546997070312,23.897537231445312
1789061759478412800,1.551412841796875,-26.196365356445312,-27.181060791015625,23.788040161132812
1789061759488373800,1.561373779296875,-26.16168975830078,-27.121994018554688,23.745098114013672
1789061759498333700,1.571333740234375,-26.116172790527344,-27.23462677001953,23.689464569091797
1789061759508295000,1.581294921875,-26.145263671875,-27.26172637939453,23.765411376953125
1789061759518254800,1.5912548828125,-26.154296875,-27.370948791503906,23.880130767822266
1789061759528215800,1.6012158203125,-25.992103576660156,-27.51654052734375,23.73019790649414
1789061759538175700,1.61117578125,-25.78814697265625,-27.684463500976562,23.639312744140625
1789061759548136700,1.62113671875,-25.8648681640625,-27.68120574951172,23.609466552734375
1789061759558097000,1.631096923828125,-25.767478942871094,-27.788719177246094,23.467208862304688
1789061759568057900,1.641057861328125,-25.866363525390625,-27.77667999267578,23.25653076171875
1789061759578018000,1.65101806640625,-26.113082885742188,-27.770370483398438,23.200664520263672
1789061759587978800,1.660978759765625,-26.173095703125,-27.802490234375,23.051002502441406
1789061759597939000,1.67093896484375,-26.257705688476562,-27.7093505859375,23.086227416992188
1789061759607900000,1.68089990234375,-26.294189453125,-27.654830932617188,23.27745819091797
1789061759617859800,1.69085986328125,-26.15892791748047,-27.558982849121094,23.604434967041016
1789061759627821000,1.700821044921875,-25.94256591796875,-27.48729705810547,24.004756927490234
1789061759637781800,1.71078173828125,-25.453208923339844,-27.479461669921875,24.32773208618164
1789061759647741700,1.72074169921875,-25.13788604736328,-27.43010711669922,24.560359954833984
1789061759657703000,1.730702880859375,-25.03008270263672,-27.429832458496094,24.71634292602539
1789061759667662800,1.740662841796875,-25.06792449951172,-27.47992706298828,24.500347137451172
1789061759677624000,1.7506240234375,-25.256973266601562,-27.417633056640625,24.257667541503906
1789061759687584000,1.760583984375,-25.73863983154297,-27.4794921875,23.858707427978516
1789061759697544700,1.770544677734375,-26.20807647705078,-27.40789794921875,23.427963256835938
1789061759707505000,1.7805048828125,-26.778465270996094,-27.243408203125,23.05813217163086
1789061759717465900,1.7904658203125,-27.277099609375,-26.9705810546875,22.867713928222656
1789061759727425800,1.80042578125,-27.30773162841797,-26.6959228515625,22.66767120361328
1789061759737387000,1.810386962890625,-27.613426208496094,-26.50505828857422,22.70132827758789
1789061759747347000,1.820346923828125,-27.480796813964844,-26.491607666015625,22.807384490966797
1789061759757308000,1.830307861328125,-27.399818420410156,-26.34825897216797,22.939937591552734
1789061759767267800,1.840267822265625,-27.111953735351562,-26.459991455078125,23.154644012451172
1789061759777228800,1.850228759765625,-27.03716278076172,-26.31963348388672,23.45687484741211
1789061759787189000,1.86018896484375,-27.026138305664062,-26.400527954101562,23.704505920410156
1789061759797150000,1.87014990234375,-26.85810089111328,-26.169021606445312,24.139816284179688
1789061759807110000,1.88010986328125,-26.478591918945312,-26.1748046875,24.366321563720703
1789061759817070800,1.89007080078125,-26.63343048095703,-26.24573516845703,24.680889129638672
1789061759827031800,1.90003173828125,-26.512863159179688,-26.101638793945312,24.953601837158203
1789061759836991700,1.90999169921875,-26.37310028076172,-25.88365936279297,25.141132354736328
1789061759846953000,1.919952880859375,-26.047080993652344,-25.95989990234375,25.410884857177734
1789061759856913000,1.929912841796875,-26.15703582763672,-25.766204833984375,25.327762603759766
1789061759866873900,1.939873779296875,-26.42919158935547,-25.844879150390625,25.37063217163086
1789061759876833800,1.949833740234375,-26.432899475097656,-25.699546813964844,25.489452362060547
1789061759886794800,1.959794677734375,-26.43421173095703,-25.68675994873047,25.38735580444336
1789061759896755000,1.9697548828125,-26.336761474609375,-25.673446655273438,25.484500885009766
1789061759906716000,1.9797158203125,-26.429344177246094,-25.641189575195312,25.36807632446289
1789061759916675800,1.98967578125,-26.25439453125,-25.650848388671875,25.394039154052734
1789061759926637000,1.999636962890625,-26.380775451660156,-25.671722412109375,25.310291290283203
1789061759936597000,2.009596923828125,-26.464111328125,-25.47905731201172,25.40750503540039
1789061759946558000,2.019557861328125,-26.639724731445312,-25.448936462402344,25.366535186767578
1789061759956518000,2.029517822265625,-26.69432830810547,-25.3408203125,25.288799285888672
1789061759966478800,2.039478759765625,-26.826332092285156,-25.232139587402344,25.343524932861328
1789061759976439000,2.04943896484375,-26.746963500976562,-25.129898071289062,25.273693084716797
1789061759986400000,2.05939990234375,-27.007293701171875,-25.061294555664062,25.28866958618164
1789061759996360700,2.069360595703125,-27.07177734375,-25.167770385742188,25.338695526123047
1789061760006321000,2.07932080078125,-26.911277770996094,-25.247116088867188,25.38705062866211
1789061760016281900,2.08928173828125,-26.75011444091797,-25.119407653808594,25.447185516357422
1789061760026241800,2.09924169921875,-26.952133178710938,-25.120758056640625,25.411792755126953
1789061760036203000,2.109203125,-26.866043090820312,-25.090835571289062,25.420948028564453
1789061760046163000,2.119162841796875,-26.741729736328125,-25.120933532714844,25.421825408935547
1789061760056124000,2.1291240234375,-26.644309997558594,-25.12163543701172,25.399654388427734
1789061760066083800,2.139083740234375,-27.10655975341797,-25.117042541503906,25.356121063232422
1789061760076044800,2.149044921875,-26.95667266845703,-25.079200744628906,25.490886688232422
1789061760086005000,2.1590048828125,-26.64275360107422,-25.201446533203125,25.500774383544922
1789061760095966000,2.168966064453125,-26.53734588623047,-25.277061462402344,25.575786590576172
1789061760105926000,2.17892578125,-26.46800994873047,-25.403106689453125,25.760334014892578
1789061760115886800,2.188886962890625,-26.156402587890625,-25.37999725341797,25.95418930053711
1789061760125846800,2.1988466796875,-26.225196838378906,-25.440261840820312,26.101238250732422
1789061760135808000,2.20880810546875,-25.9144287109375,-25.456459045410156,26.146778106689453
1789061760145768000,2.218767822265625,-25.75550079345703,-25.500633239746094,26.212970733642578
1789061760155729000,2.22872900390625,-25.902023315429688,-25.55413055419922,26.33285903930664
1789061760165689900,2.23868994140625,-25.616912841796875,-25.476852416992188,26.546649932861328
1789061760175649800,2.24864990234375,-25.28240966796875,-25.568328857421875,26.77133560180664
1789061760185611000,2.258611083984375,-25.011672973632812,-25.60167694091797,26.871715545654297
1789061760195571000,2.268571044921875,-24.76031494140625,-25.554534912109375,26.789165496826172
1789061760205532000,2.278531982421875,-24.816940307617188,-25.576065063476562,26.923221588134766
1789061760215492000,2.2884921875,-24.66595458984375,-25.563682556152344,26.93930435180664
1789061760225452800,2.298452880859375,-24.71001434326172,-25.762611389160156,26.866802215576172
1789061760235412700,2.308412841796875,-24.66936492919922,-25.73956298828125,27.163288116455078
1789061760245374000,2.3183740234375,-24.712905883789062,-25.732398986816406,27.102161407470703
1789061760255334000,2.328333984375,-24.59198760986328,-25.722610473632812,27.299907684326172
1789061760265294800,2.338294921875,-24.36194610595703,-25.66771697998047,27.391674041748047
1789061760275255000,2.348255126953125,-24.09424591064453,-25.512351989746094,27.577110290527344
1789061760285215700,2.3582158203125,-24.328407287597656,-25.442306518554688,27.518821716308594
1789061760295175700,2.36817578125,-24.471115112304688,-25.276695251464844,27.242141723632812
1789061760305137000,2.378136962890625,-24.650856018066406,-25.209632873535156,27.0478515625
1789061760315097900,2.388097900390625,-25.229705810546875,-25.165611267089844,26.696434020996094
1789061760325058000,2.39805810546875,-25.51062774658203,-25.366615295410156,26.36779022216797
1789061760335018800,2.408018798828125,-25.979232788085938,-25.41466522216797,25.836212158203125
1789061760344978700,2.417978759765625,-26.45587158203125,-25.46355438232422,25.48992919921875
1789061760354940000,2.42793994140625,-26.41522216796875,-25.55657196044922,25.25879669189453
1789061760364899800,2.43789990234375,-26.03484344482422,-25.73272705078125,25.218093872070312
1789061760374861000,2.447861083984375,-25.973304748535156,-25.719200134277344,25.189594268798828
1789061760384821000,2.457821044921875,-25.82183837890625,-25.8739013671875,25.332050323486328
1789061760394782000,2.467781982421875,-25.455215454101562,-25.978744506835938,25.438396453857422
1789061760404742000,2.477741943359375,-25.215248107910156,-26.18018341064453,25.56595230102539
1789061760414702800,2.487702880859375,-24.97119140625,-26.322341918945312,25.696308135986328
1789061760424662800,2.497662841796875,-24.689529418945312,-26.591873168945312,25.97671127319336
1789061760434624000,2.5076240234375,-24.69634246826172,-26.537620544433594,25.90304183959961
1789061760444585000,2.5175849609375,-24.240623474121094,-26.823989868164062,25.758914947509766
1789061760454545000,2.527544921875,-24.380271911621094,-26.91253662109375,25.42788314819336
1789061760464505900,2.537505859375,-24.469970703125,-26.990554809570312,25.225284576416016
1789061760474465800,2.5474658203125,-24.755615234375,-27.037872314453125,24.94607162475586
1789061760484427000,2.557427001953125,-24.623741149902344,-27.168685913085938,24.75516128540039
1789061760494387000,2.567386962890625,-24.898475646972656,-27.43346405029297,24.549266815185547
1789061760504348000,2.577347900390625,-24.954345703125,-27.33782196044922,24.45114517211914
1789061760514308000,2.58730810546875,-24.88585662841797,-27.439346313476562,24.429546356201172
1789061760524268800,2.597268798828125,-24.74510955810547,-27.406227111816406,24.43454360961914
1789061760534228700,2.607228759765625,-24.753509521484375,-27.453025817871094,24.447715759277344
1789061760544190000,2.61718994140625,-24.430381774902344,-27.47100067138672,24.483230590820312
1789061760554150000,2.62714990234375,-24.4970703125,-27.46141815185547,24.518409729003906
1789061760564111000,2.637111083984375,-24.52172088623047,-27.437911987304688,24.70117950439453
1789061760574071000,2.647071044921875,-24.495742797851562,-27.501487731933594,24.772598266601562
1789061760584032000,2.657031982421875,-24.43651580810547,-27.389198303222656,24.835952758789062
1789061760593993000,2.666992919921875,-24.458633422851562,-27.306785583496094,24.673019409179688
1789061760603953200,2.676953125,-24.605392456054688,-27.16022491455078,24.817298889160156
1789061760613914000,2.6869140625,-24.528472900390625,-27.191429138183594,24.817237854003906
1789061760623874000,2.6968740234375,-24.618492126464844,-27.053245544433594,25.030258178710938
1789061760633835000,2.7068349609375,-24.603103637695312,-26.946701049804688,24.971031188964844
1789061760643795000,2.716794921875,-24.83214569091797,-26.97454833984375,24.948989868164062
1789061760653756000,2.726755859375,-24.554367065429688,-26.95374298095703,24.928268432617188
1789061760663716000,2.736716064453125,-24.57707977294922,-27.01842498779297,24.90593719482422
1789061760673677000,2.746677001953125,-24.473419189453125,-26.97608184814453,25.034378051757812
1789061760683637000,2.756636962890625,-24.455162048339844,-26.997093200683594,24.910552978515625
1789061760693598000,2.766597900390625,-24.455162048339844,-26.997093200683594,24.910552978515625
1789061760703558000,2.776557861328125,-24.608734130859375,-26.833908081054688,25.070899963378906
1789061760713519000,2.78651904296875,-24.933731079101562,-26.811805725097656,25.006668090820312
1789061760723480000,2.79647998046875,-24.544288635253906,-26.892417907714844,24.883155822753906
1789061760733440000,2.80643994140625,-24.27832794189453,-26.87725830078125,25.12348175048828
1789061760743401000,2.81640087890625,-23.793907165527344,-26.982528686523438,25.369728088378906
1789061760753361000,2.82636083984375,-23.725204467773438,-26.89759063720703,25.558082580566406
1789061760763322000,2.836322021484375,-23.37560272216797,-27.07867431640625,26.00135040283203
1789061760773282000,2.846281982421875,-23.087181091308594,-27.05059814453125,26.353374481201172
1789061760783243000,2.856242919921875,-22.556358337402344,-27.134071350097656,26.492916107177734
1789061760793203200,2.866203125,-22.289520263671875,-26.982276916503906,26.586261749267578
1789061760803164000,2.876163818359375,-22.33094024658203,-26.972869873046875,26.598018646240234
1789061760813123800,2.886123779296875,-22.567459106445312,-26.897804260253906,26.534610748291016
1789061760823085000,2.8960849609375,-22.906532287597656,-26.92552947998047,26.300312042236328
1789061760833045000,2.906044921875,-23.14891815185547,-26.802978515625,26.03408432006836
1789061760843006200,2.916006103515625,-23.45661163330078,-26.686187744140625,25.996540069580078
1789061760852967000,2.925966796875,-23.822288513183594,-26.244491577148438,26.125614166259766
1789061760862926800,2.9359267578125,-24.23119354248047,-25.932334899902344,26.130428314208984
1789061760872888000,2.94588818359375,-24.033218383789062,-25.6220703125,26.480632781982422
1789061760882848000,2.955847900390625,-23.599212646484375,-25.53595733642578,26.797420501708984
1789061760892809000,2.96580908203125,-22.96031951904297,-25.44037628173828,27.093120574951172
1789061760902769200,2.97576904296875,-22.706375122070312,-25.433273315429688,27.45165252685547
1789061760912729900,2.985729736328125,-22.324729919433594,-25.38593292236328,27.77044677734375
1789061760922689800,2.995689697265625,-22.121788024902344,-25.494186401367188,27.747268676757812
1789061760932651000,3.005651123046875,-22.12897491455078,-25.359344482421875,27.663619995117188
1789061760942611000,3.01561083984375,-22.46124267578125,-25.506057739257812,27.646827697753906
1789061760952572200,3.025572265625,-22.46124267578125,-25.506057739257812,27.646827697753906
1789061760962532000,3.035531982421875,-23.331893920898438,-25.252731323242188,27.097820281982422
1789061760972493000,3.0454931640625,-23.397811889648438,-25.020111083984375,26.915843963623047
1789061760982454000,3.0554541015625,-23.806640625,-24.872459411621094,26.776439666748047
1789061760992414000,3.0654140625,-23.933120727539062,-24.520751953125,26.746807098388672
1789061761002375200,3.075375244140625,-24.10619354248047,-24.44513702392578,26.64795684814453
1789061761012335000,3.085335205078125,-24.042877197265625,-24.323928833007812,26.74553680419922
1789061761022296000,3.095296142578125,-24.10881805419922,-24.24671173095703,26.873748779296875
1789061761032256000,3.105256103515625,-24.217025756835938,-24.236854553222656,26.85700225830078
1789061761042217000,3.115217041015625,-24.44574737548828,-24.295082092285156,27.061988830566406
1789061761052177000,3.125177001953125,-24.082427978515625,-24.185508728027344,27.27263641357422
1789061761062138000,3.13513818359375,-24.03710174560547,-24.16411590576172,27.26575469970703
1789061761072098000,3.14509814453125,-24.10887908935547,-24.123779296875,27.52045440673828
1789061761082059000,3.15505908203125,-24.132484436035156,-24.13953399658203,27.642929077148438
1789061761092020000,3.16502001953125,-23.771224975585938,-23.95496368408203,27.906875610351562
1789061761101980000,3.17497998046875,-23.792434692382812,-23.914146423339844,27.938446044921875
1789061761111941000,3.184941162109375,-23.73516845703125,-23.81182861328125,28.05896759033203
1789061761121901000,3.194901123046875,-23.56671905517578,-23.88055419921875,28.089622497558594
1789061761131862000,3.204862060546875,-23.426223754882812,-23.789871215820312,28.248321533203125
1789061761141822200,3.214822265625,-23.222190856933594,-23.8433837890625,28.31671905517578
1789061761151783000,3.224782958984375,-23.106826782226562,-23.81511688232422,28.44573211669922
1789061761161742800,3.234742919921875,-23.253517150878906,-23.823150634765625,28.48102569580078
1789061761171704000,3.2447041015625,-23.276466369628906,-23.77063751220703,28.36846923828125
1789061761181664000,3.2546640625,-23.483474731445312,-23.684677124023438,28.325119018554688
1789061761191625200,3.264625244140625,-23.46142578125,-23.62352752685547,28.341659545898438
1789061761201585200,3.274585205078125,-23.82392120361328,-23.62340545654297,28.225624084472656
1789061761211545900,3.2845458984375,-23.82392120361328,-23.62340545654297,28.225624084472656
1789061761221507000,3.294507080078125,-23.827842712402344,-23.515655517578125,27.91718292236328
1789061761231467000,3.304467041015625,-24.00855255126953,-23.432952880859375,27.941871643066406
1789061761241428200,3.31442822265625,-24.080101013183594,-23.48967742919922,28.030296325683594
1789061761251388200,3.32438818359375,-23.99956512451172,-23.38005828857422,28.11554718017578
1789061761261348900,3.334348876953125,-23.959671020507812,-23.36444091796875,28.147682189941406
1789061761271309000,3.34430908203125,-23.95099639892578,-23.31403350830078,28.171188354492188
1789061761281270000,3.35427001953125,-23.899879455566406,-23.393035888671875,28.257606506347656
1789061761291230000,3.36422998046875,-23.486976623535156,-23.486167907714844,28.33733367919922
1789061761301191200,3.374191162109375,-23.8585205078125,-23.4422607421875,28.36688995361328
1789061761311151000,3.384151123046875,-23.69757843017578,-23.368614196777344,28.505760192871094
1789061761321111800,3.39411181640625,-23.798545837402344,-23.372093200683594,28.482154846191406
1789061761331073000,3.404072998046875,-23.55321502685547,-23.366668701171875,28.466354370117188
1789061761341033000,3.414032958984375,-23.52728271484375,-23.3101806640625,28.4893798828125
1789061761350994200,3.423994140625,-23.21929168701172,-23.38623809814453,28.5186767578125
1789061761360954000,3.4339541015625,-23.321044921875,-23.386611938476562,28.664390563964844
1789061761370914800,3.443914794921875,-23.06128692626953,-23.520477294921875,28.7940673828125
1789061761380875000,3.453875,-23.113265991210938,-23.448760986328125,28.96575164794922
1789061761390836000,3.4638359375,-22.952476501464844,-23.563743591308594,29.0601806640625
1789061761400796000,3.4737958984375,-22.730384826660156,-23.52271270751953,29.278518676757812
1789061761410757000,3.483757080078125,-22.456024169921875,-23.51392364501953,29.34453582763672
1789061761420717000,3.493717041015625,-22.4193115234375,-23.552879333496094,29.52996826171875
1789061761430678000,3.503677978515625,-22.20148468017578,-23.58025360107422,29.657066345214844
1789061761440638000,3.513637939453125,-21.8990478515625,-23.656890869140625,29.88428497314453
1789061761450599000,3.523598876953125,-21.68627166748047,-23.643081665039062,29.965980529785156
1789061761460560100,3.53356005859375,-21.421981811523438,-23.709068298339844,29.974529266357422
1789061761470520000,3.54352001953125,-21.26628875732422,-23.795440673828125,29.902088165283203
1789061761480481000,3.55348095703125,-21.098739624023438,-23.694503784179688,29.894886016845703
1789061761490441000,3.56344091796875,-20.984840393066406,-23.901710510253906,29.791179656982422
1789061761500402000,3.57340185546875,-21.264320373535156,-24.000999450683594,30.001331329345703
1789061761510361900,3.58336181640625,-21.082435607910156,-24.095375061035156,30.174259185791016
1789061761520323000,3.593322998046875,-20.936119079589844,-24.05016326904297,30.40493392944336
1789061761530283000,3.603282958984375,-20.67676544189453,-24.0072021484375,30.596004486083984
1789061761540244200,3.613244140625,-20.38623809814453,-24.045059204101562,30.800331115722656
1789061761550204200,3.6232041015625,-20.35205841064453,-24.071029663085938,30.802780151367188
1789061761560164900,3.633164794921875,-20.363739013671875,-24.131927490234375,30.61678695678711
1789061761570126000,3.6431259765625,-20.446556091308594,-24.16846466064453,30.27231216430664
1789061761580085500,3.65308544921875,-20.853103637695312,-24.33757781982422,30.025737762451172
1789061761590046500,3.66304638671875,-21.580543518066406,-24.471946716308594,29.48421859741211
1789061761600006700,3.673006591796875,-22.077415466308594,-24.585487365722656,29.067211151123047
1789061761609967400,3.68296728515625,-22.288909912109375,-24.633995056152344,28.69162368774414
1789061761619927300,3.69292724609375,-22.762664794921875,-24.818679809570312,28.494720458984375
1789061761629888500,3.702888427734375,-23.04981231689453,-24.74938201904297,28.280250549316406
1789061761639848400,3.712848388671875,-22.999130249023438,-24.795654296875,28.23918914794922
1789061761649809700,3.7228095703125,-22.70086669921875,-24.749488830566406,28.303993225097656
1789061761659769600,3.73276953125,-22.34581756591797,-24.69647979736328,28.479232788085938
1789061761669730300,3.742730224609375,-22.008384704589844,-24.73407745361328,29.013214111328125
1789061761679691500,3.75269140625,-21.669082641601562,-24.73126220703125,29.117874145507812
1789061761689651500,3.7626513671875,-21.39081573486328,-24.75244140625,29.464698791503906
1789061761699612700,3.77261279296875,-21.188949584960938,-24.72783660888672,29.575634002685547
1789061761709572600,3.782572509765625,-21.274803161621094,-24.82086944580078,29.610584259033203
1789061761719533600,3.792533447265625,-21.33159637451172,-24.94585418701172,29.589305877685547
1789061761729493500,3.802493408203125,-21.283798217773438,-24.961647033691406,29.400081634521484
1789061761739454500,3.812454345703125,-21.45458221435547,-25.09033203125,29.229625701904297
1789061761749414400,3.822414306640625,-21.590896606445312,-25.18304443359375,28.935161590576172
1789061761759375600,3.832375732421875,-21.79979705810547,-25.364395141601562,28.752567291259766
1789061761769335600,3.84233544921875,-21.891990661621094,-25.41509246826172,28.481502532958984
1789061761779296500,3.852296630859375,-22.327468872070312,-25.461830139160156,28.29904556274414
1789061761789257500,3.862257568359375,-22.491722106933594,-25.514480590820312,28.081989288330078
1789061761799217400,3.872217529296875,-22.564239501953125,-25.528182983398438,27.784835815429688
1789061761809178600,3.8821787109375,-22.606117248535156,-25.70416259765625,27.762405395507812
1789061761819138600,3.892138671875,-22.78929901123047,-25.782516479492188,27.850936889648438
1789061761829099500,3.902099609375,-22.989784240722656,-25.727882385253906,27.783843994140625
1789061761839059700,3.912059814453125,-22.865463256835938,-25.763900756835938,27.791061401367188
1789061761849020400,3.9220205078125,-22.8687744140625,-25.75336456298828,27.605911254882812
1789061761858980400,3.93198046875,-22.784957885742188,-25.77532958984375,27.678855895996094
1789061761868941600,3.941941650390625,-22.926071166992188,-25.765777587890625,27.416732788085938
1789061761878901500,3.951901611328125,-23.026473999023438,-25.77446746826172,27.483131408691406
1789061761888862700,3.96186279296875,-23.028610229492188,-25.748458862304688,27.268218994140625
1789061761898823400,3.971823486328125,-23.08020782470703,-25.77495574951172,27.240005493164062
1789061761908783400,3.981783447265625,-23.13170623779297,-25.84929656982422,27.16291046142578
1789061761918744600,3.99174462890625,-23.209571838378906,-25.824195861816406,27.263809204101562
1789061761928704500,4.00170458984375,-23.1314697265625,-25.92536163330078,27.1038818359375
1789061761938665700,4.011665771484375,-23.447891235351562,-25.90996551513672,26.967693328857422
1789061761948625700,4.021625732421875,-23.77770233154297,-25.842864990234375,26.858959197998047
1789061761958586400,4.03158642578125,-23.580780029296875,-25.78179168701172,26.822643280029297
1789061761968546600,4.041546630859375,-23.558395385742188,-25.947059631347656,26.635578155517578
1789061761978507500,4.051507568359375,-23.705612182617188,-25.87799072265625,26.597850799560547
1789061761988467500,4.061467529296875,-23.469146728515625,-26.06488800048828,26.63253402709961
1789061761998428700,4.0714287109375,-23.310401916503906,-26.058799743652344,26.705150604248047
1789061762008389400,4.081389404296875,-23.303909301757812,-26.139602661132812,26.731563568115234
1789061762018349300,4.091349365234375,-23.244903564453125,-26.002197265625,26.771480560302734
1789061762028310500,4.101310546875,-23.325523376464844,-26.012069702148438,26.718341827392578
1789061762038270500,4.1112705078125,-23.461196899414062,-25.984718322753906,26.812068939208984
1789061762048231700,4.121231689453125,-23.474746704101562,-25.933700561523438,26.877666473388672
1789061762058191600,4.131191650390625,-23.39166259765625,-25.8348388671875,26.962398529052734
1789061762068152300,4.14115234375,-23.418960571289062,-25.947166442871094,26.98373031616211
1789061762078112500,4.151112548828125,-23.226768493652344,-25.98968505859375,26.97597885131836
1789061762088073500,4.161073486328125,-23.294143676757812,-26.02655029296875,26.984500885009766
1789061762098034700,4.17103466796875,-23.33234405517578,-25.970291137695312,26.983325958251953
1789061762107994600,4.18099462890625,-23.60370635986328,-26.004859924316406,26.63418197631836
1789061762117955300,4.190955322265625,-23.994583129882812,-25.845848083496094,26.51449203491211
1789061762127915500,4.20091552734375,-24.530059814453125,-25.752426147460938,26.118038177490234
1789061762137876500,4.21087646484375,-24.937911987304688,-25.565887451171875,26.02878189086914
1789061762147836400,4.22083642578125,-25.445480346679688,-25.272964477539062,25.846477508544922
1789061762157797600,4.230797607421875,-25.77361297607422,-24.865516662597656,26.08282470703125
1789061762167757600,4.240757568359375,-25.82434844970703,-24.722000122070312,26.23516082763672
1789061762177718500,4.250718505859375,-25.325279235839844,-24.630828857421875,26.633907318115234
1789061762187678500,4.260678466796875,-25.190452575683594,-24.603286743164062,26.723094940185547
1789061762197639400,4.270639404296875,-24.686080932617188,-24.735671997070312,26.93059539794922
1789061762207600600,4.2806005859375,-24.364036560058594,-24.9012451171875,27.028778076171875
1789061762217560600,4.290560546875,-24.152755737304688,-24.951316833496094,27.082725524902344
1789061762227521500,4.300521484375,-24.193328857421875,-25.05694580078125,26.958351135253906
1789061762237481500,4.3104814453125,-24.473464965820312,-24.94622802734375,26.860397338867188
1789061762247442400,4.3204423828125,-25.0927734375,-24.835311889648438,26.386260986328125
1789061762257402400,4.33040234375,-25.325653076171875,-24.585357666015625,26.2891845703125
1789061762267363600,4.340363525390625,-25.603530883789062,-24.40076446533203,26.20360565185547
1789061762277323500,4.350323486328125,-25.763275146484375,-24.061996459960938,26.05636215209961
1789061762287284700,4.36028466796875,-26.11003875732422,-23.79230499267578,26.00821304321289
1789061762297244700,4.37024462890625,-26.198211669921875,-23.713531494140625,26.21445083618164
1789061762307205400,4.380205322265625,-26.0540771484375,-23.724037170410156,26.36214828491211
1789061762317166600,4.39016650390625,-25.905677795410156,-23.72247314453125,26.703380584716797
1789061762327126500,4.40012646484375,-25.712425231933594,-23.65021514892578,26.862743377685547
1789061762337087700,4.410087646484375,-25.516441345214844,-23.776199340820312,26.950923919677734
1789061762347047700,4.420047607421875,-25.361404418945312,-23.62676239013672,27.17287826538086
1789061762357008400,4.43000830078125,-25.117942810058594,-23.742385864257812,27.113765716552734
1789061762366968600,4.439968505859375,-25.164016723632812,-23.651840209960938,27.087581634521484
1789061762376929500,4.449929443359375,-25.289901733398438,-23.518287658691406,27.11666488647461
1789061762386889500,4.459889404296875,-25.43267059326172,-23.51177978515625,27.26284408569336
1789061762396850700,4.4698505859375,-25.343666076660156,-23.503623962402344,27.273433685302734
1789061762406811400,4.479811279296875,-25.34886932373047,-23.36083221435547,27.333446502685547
1789061762416771300,4.489771240234375,-25.186012268066406,-23.4886474609375,27.513988494873047
1789061762426732500,4.499732666015625,-24.844268798828125,-23.41876983642578,27.646671295166016
1789061762436692500,4.5096923828125,-24.82061767578125,-23.555816650390625,27.595951080322266
1789061762446653700,4.51965380859375,-24.53997039794922,-23.740829467773438,27.72403335571289
1789061762456613600,4.529613525390625,-24.123245239257812,-23.88355255126953,27.880062103271484
1789061762466574300,4.53957421875,-23.98943328857422,-23.854812622070312,28.05264663696289
1789061762476534500,4.549534423828125,-24.197776794433594,-23.915771484375,27.992076873779297
1789061762486495500,4.55949560546875,-23.950027465820312,-23.982078552246094,27.952465057373047
1789061762496455400,4.569455322265625,-24.051116943359375,-24.038681030273438,27.97878646850586
1789061762506416600,4.579416748046875,-23.9052734375,-24.12535858154297,27.862354278564453
1789061762516377300,4.58937744140625,-24.093772888183594,-24.25489044189453,27.682857513427734
1789061762526337500,4.599337646484375,-24.253372192382812,-24.25763702392578,27.587421417236328
1789061762536298500,4.609298583984375,-24.287918090820312,-24.31426239013672,27.71908187866211
1789061762546258400,4.619258544921875,-24.063987731933594,-24.368446350097656,27.496829986572266
1789061762556219600,4.6292197265625,-24.3756103515625,-24.494644165039062,27.481441497802734
1789061762566179600,4.6391796875,-24.097274780273438,-24.4951171875,27.531688690185547
1789061762576140300,4.649140380859375,-24.14300537109375,-24.5086669921875,27.448444366455078
1789061762586100700,4.659100830078125,-24.043045043945312,-24.606300354003906,27.40981674194336
1789061762596062000,4.66906201171875,-23.939483642578125,-24.661865234375,27.547786712646484
1789061762606023000,4.67902294921875,-23.693099975585938,-24.697540283203125,27.541522979736328
1789061762615983000,4.688983154296875,-23.575218200683594,-24.812889099121094,27.62857437133789
1789061762625943800,4.69894384765625,-23.424400329589844,-24.806625366210938,27.713520050048828
1789061762635903700,4.70890380859375,-23.38941192626953,-24.854141235351562,27.695560455322266
1789061762645865000,4.718864990234375,-23.083045959472656,-24.880516052246094,27.749210357666016
1789061762655825000,4.728824951171875,-22.933799743652344,-24.973228454589844,27.74496078491211
1789061762665785900,4.738785888671875,-22.929283142089844,-24.97552490234375,27.771800994873047
1789061762675746000,4.74874609375,-22.95294952392578,-25.10607147216797,27.761226654052734
1789061762685706800,4.758706787109375,-22.83124542236328,-25.226974487304688,27.876178741455078
1789061762695668000,4.76866796875,-22.64838409423828,-25.35584259033203,27.83626937866211
1789061762705628000,4.7786279296875,-22.44359588623047,-25.346237182617188,27.799495697021484
1789061762715588900,4.7885888671875,-22.35454559326172,-25.475082397460938,27.87045669555664
1789061762725549000,4.798549072265625,-22.098068237304688,-25.57794952392578,27.986392974853516
1789061762735509800,4.808509765625,-22.102508544921875,-25.581497192382812,28.162700653076172
1789061762745469700,4.8184697265625,-22.06629180908203,-25.695663452148438,28.170368194580078
1789061762755431000,4.828430908203125,-22.074508666992188,-25.788772583007812,28.215518951416016
1789061762765390800,4.838390869140625,-22.07977294921875,-25.81073760986328,28.165706634521484
1789061762775352000,4.84835205078125,-22.150497436523438,-25.69379425048828,28.053699493408203
1789061762785312800,4.858312744140625,-21.86035919189453,-25.711837768554688,27.96389389038086
1789061762795272700,4.868272705078125,-21.972671508789062,-25.625083923339844,28.050395965576172
1789061762805234000,4.87823388671875,-21.919273376464844,-25.51678466796875,28.098857879638672
1789061762815193900,4.88819384765625,-21.70618438720703,-25.573257446289062,28.231708526611328
1789061762825154800,4.89815478515625,-21.54168701171875,-25.60175323486328,28.468517303466797
1789061762835115000,4.908114990234375,-21.232032775878906,-25.465652465820312,28.777957916259766
1789061762845076000,4.918075927734375,-21.365371704101562,-25.329315185546875,29.123363494873047
1789061762855036000,4.928035888671875,-21.13011932373047,-25.336746215820312,29.291728973388672
1789061762864996900,4.937996826171875,-20.936546325683594,-25.419334411621094,29.371143341064453
1789061762874956800,4.947956787109375,-20.761924743652344,-25.40233612060547,29.26302719116211
1789061762884918000,4.95791796875,-20.87940216064453,-25.308731079101562,29.136722564697266
1789061762894879000,4.96787890625,-21.105430603027344,-25.223899841308594,28.95437240600586
1789061762904839000,4.9778388671875,-21.396896362304688,-25.317413330078125,28.67623519897461
1789061762914799900,4.9877998046875,-21.675125122070312,-25.329849243164062,28.387210845947266
1789061762924759800,4.997759765625,-21.986679077148438,-25.41144561767578,28.220684051513672
1789061762934721000,5.007720947265625,-21.99835968017578,-25.383819580078125,28.166217803955078
1789061762944681000,5.017680908203125,-22.063385009765625,-25.260398864746094,28.312747955322266
1789061762954642000,5.027641845703125,-22.05359649658203,-25.180992126464844,28.525203704833984
1789061762964602000,5.03760205078125,-21.589996337890625,-25.185768127441406,28.735607147216797
1789061762974562800,5.047562744140625,-21.343460083007812,-24.98174285888672,29.072429656982422
1789061762984524000,5.05752392578125,-21.14081573486328,-24.9259033203125,29.240619659423828
1789061762994484000,5.06748388671875,-21.04400634765625,-24.62152099609375,29.57529067993164
1789061763004445000,5.07744482421875,-20.82879638671875,-24.355880737304688,29.74819564819336
1789061763014405000,5.087405029296875,-20.8104248046875,-24.28497314453125,29.89877700805664
1789061763024365800,5.09736572265625,-21.01251220703125,-24.225608825683594,29.861804962158203
1789061763034325800,5.10732568359375,-20.93177032470703,-24.12256622314453,29.807140350341797
1789061763044287000,5.117286865234375,-21.29071807861328,-24.017044067382812,29.823833465576172
1789061763054247000,5.127246826171875,-21.39160919189453,-23.954116821289062,29.744373321533203
1789061763064208000,5.137207763671875,-21.67426300048828,-23.859542846679688,29.49578094482422
1789061763074168800,5.1471689453125,-21.96697235107422,-23.640182495117188,29.364273071289062
1789061763084128800,5.157128662109375,-21.947250366210938,-23.551986694335938,29.451698303222656
1789061763094090000,5.167090087890625,-22.01587677001953,-23.473175048828125,29.362213134765625
1789061763104050000,5.1770498046875,-22.295501708984375,-23.3026123046875,29.421096801757812
1789061763114011000,5.187010986328125,-22.219444274902344,-23.117401123046875,29.517982482910156
1789061763123971000,5.19697119140625,-22.43212890625,-22.984161376953125,29.68061065673828
1789061763133931800,5.206931884765625,-22.133323669433594,-22.729164123535156,29.932647705078125
1789061763143891700,5.2168916015625,-22.292274475097656,-22.569786071777344,30.141204833984375
1789061763153853000,5.22685302734375,-22.163352966308594,-22.265594482421875,30.368614196777344
1789061763163814000,5.23681396484375,-21.989784240722656,-22.06047821044922,30.615737915039062
1789061763173774000,5.246774169921875,-21.983360290527344,-21.667007446289062,30.866600036621094
1789061763183734800,5.25673486328125,-21.810577392578125,-21.4024658203125,31.074935913085938
1789061763193694700,5.26669482421875,-21.855125427246094,-21.044723510742188,31.381011962890625
1789061763203656000,5.276656005859375,-21.91411590576172,-20.652664184570312,31.493877410888672
1789061763213615900,5.286615966796875,-22.279823303222656,-20.114540100097656,31.793102264404297
1789061763223576800,5.296576904296875,-22.669097900390625,-19.684410095214844,31.888774871826172
1789061763233537000,5.306537109375,-22.48088836669922,-19.022613525390625,32.2314567565918
1789061763243497700,5.316497802734375,-22.538307189941406,-18.527671813964844,32.44093322753906
1789061763253459000,5.326458984375,-22.85865020751953,-17.8671875,32.7210693359375
1789061763263419000,5.3364189453125,-23.18651580810547,-17.344207763671875,32.84210205078125
1789061763273379800,5.3463798828125,-23.14453125,-16.7967529296875,33.025367736816406
1789061763283340000,5.356340087890625,-23.223609924316406,-16.213462829589844,33.18281936645508
1789061763293301000,5.366301025390625,-23.21839141845703,-15.509742736816406,33.35505294799805
1789061763303261000,5.376260986328125,-23.35535430908203,-15.095817565917969,33.62078857421875
1789061763313222000,5.386221923828125,-23.59241485595703,-14.391860961914062,33.85199737548828
1789061763323181800,5.396181884765625,-23.917274475097656,-13.795265197753906,33.97842025756836
1789061763333143000,5.40614306640625,-24.01543426513672,-13.051689147949219,33.89980697631836
1789061763343104000,5.41610400390625,-24.257064819335938,-12.414649963378906,34.00860595703125
1789061763353064000,5.42606396484375,-24.690536499023438,-11.686370849609375,34.00702667236328
1789061763363025000,5.43602490234375,-24.819625854492188,-10.87823486328125,34.068294525146484
1789061763372984800,5.44598486328125,-24.86077880859375,-10.267494201660156,34.008968353271484
1789061763382946000,5.455946044921875,-25.210556030273438,-9.600051879882812,34.092613220214844
1789061763392906000,5.465906005859375,-25.248634338378906,-9.003860473632812,34.298370361328125
1789061763402867000,5.475866943359375,-25.455528259277344,-8.397651672363281,34.257083892822266
1789061763412827100,5.4858271484375,-25.28851318359375,-7.608634948730469,34.46098709106445
1789061763422787800,5.495787841796875,-25.51146697998047,-7.115028381347656,34.52851486206055
1789061763432748800,5.505748779296875,-25.6328125,-6.313224792480469,34.589969635009766
1789061763442709000,5.515708984375,-25.67316436767578,-5.629707336425781,34.65060043334961
1789061763452670000,5.525669921875,-25.807373046875,-4.876556396484375,34.4692268371582
1789061763462630000,5.5356298828125,-26.178382873535156,-4.105926513671875,34.337974548339844
1789061763472590800,5.5455908203125,-26.30406951904297,-3.3386611938476562,34.22248840332031
1789061763482550800,5.55555078125,-26.838592529296875,-2.7032623291015625,33.944271087646484
1789061763492512000,5.565511962890625,-27.281593322753906,-2.029205322265625,33.884456634521484
1789061763502472000,5.575471923828125,-27.67987823486328,-1.2040863037109375,33.59479522705078
1789061763512433000,5.585432861328125,-27.572525024414062,-0.2917633056640625,33.49872589111328
1789061763522393900,5.595393798828125,-27.323028564453125,0.6464767456054688,33.59906768798828
1789061763532353800,5.605353759765625,-26.762672424316406,1.5816421508789062,34.03376007080078
1789061763542315000,5.61531494140625,-26.22906494140625,2.3712005615234375,34.41205978393555
1789061763552275000,5.62527490234375,-25.63446807861328,3.0031661987304688,34.7857780456543
1789061763562236000,5.63523583984375,-25.47191619873047,3.6624755859375,34.87238311767578
1789061763572196000,5.645196044921875,-25.18853759765625,4.417694091796875,34.8289794921875
1789061763582156800,5.65515673828125,-25.55329132080078,5.12713623046875,34.49690628051758
1789061763592116700,5.66511669921875,-25.874244689941406,5.980567932128906,33.96809005737305
1789061763602077700,5.67507763671875,-26.15862274169922,6.616081237792969,33.62200164794922
1789061763612039000,5.685038818359375,-26.14703369140625,7.40185546875,33.25920867919922
1789061763621998800,5.694998779296875,-26.390945434570312,8.12957763671875,32.78633117675781
1789061763631959800,5.704959716796875,-26.677688598632812,8.818626403808594,32.539642333984375
1789061763641919700,5.714919677734375,-26.889389038085938,9.314384460449219,32.32029724121094
1789061763651880700,5.724880615234375,-26.60553741455078,9.781661987304688,32.02465057373047
1789061763661841000,5.7348408203125,-26.78887176513672,10.307418823242188,31.996925354003906
1789061763671801900,5.7448017578125,-26.82227325439453,10.68463134765625,31.68181610107422
1789061763681761800,5.75476171875,-27.227386474609375,10.959808349609375,31.199047088623047
1789061763691722800,5.76472265625,-27.530441284179688,11.505378723144531,30.691539764404297
1789061763701683700,5.77468359375,-28.27826690673828,11.88433837890625,30.029273986816406
1789061763711643600,5.7846435546875,-28.6234130859375,12.528907775878906,29.57219696044922
1789061763721604900,5.79460498046875,-28.727462768554688,13.04071044921875,29.10293960571289
1789061763731564800,5.804564697265625,-28.958580017089844,13.545326232910156,28.72452163696289
1789061763741526000,5.814526123046875,-28.980812072753906,13.853347778320312,28.24905776977539
1789061763751486000,5.82448583984375,-29.076431274414062,14.1719970703125,27.977184295654297
1789061763761446700,5.83444677734375,-29.087806701660156,14.537193298339844,27.886966705322266
1789061763771408000,5.844407958984375,-28.97637939453125,14.727920532226562,27.763378143310547
1789061763781367800,5.854367919921875,-28.99433135986328,15.001129150390625,27.754268646240234
1789061763791329000,5.8643291015625,-29.128814697265625,15.306564331054688,27.497554779052734
1789061763801289000,5.8742890625,-29.14002227783203,15.591621398925781,27.404682159423828
1789061763811249700,5.884249755859375,-29.118125915527344,15.812873840332031,27.267353057861328
1789061763821209900,5.8942099609375,-29.259597778320312,16.012039184570312,26.882122039794922
1789061763831170800,5.9041708984375,-29.29937744140625,16.535377502441406,26.649234771728516
1789061763841130800,5.914130859375,-29.468170166015625,16.771743774414062,26.356121063232422
1789061763851092000,5.924092041015625,-29.283035278320312,17.10528564453125,26.150379180908203
1789061763861052700,5.934052734375,-29.49884796142578,17.454177856445312,25.986385345458984
1789061763871012900,5.944012939453125,-29.604949951171875,17.680892944335938,25.66286849975586
1789061763880973800,5.953973876953125,-29.670211791992188,17.87102508544922,25.34585952758789
1789061763890933800,5.963933837890625,-29.790870666503906,18.104270935058594,24.96969223022461
1789061763900895000,5.97389501953125,-30.00762939453125,18.318099975585938,24.799686431884766
1789061763910855000,5.98385498046875,-30.193565368652344,18.438369750976562,24.53885269165039
1789061763920815600,5.993815673828125,-30.162857055664062,18.548667907714844,24.44525146484375
1789061763930776800,6.00377685546875,-30.229698181152344,18.65021514892578,24.113567352294922
1789061763940736800,6.01373681640625,-30.302108764648438,18.812889099121094,24.032550811767578
1789061763950698000,6.023697998046875,-30.27954864501953,18.97502899169922,23.90304183959961
1789061763960658000,6.033657958984375,-30.319854736328125,19.194847106933594,23.822406768798828
1789061763970618600,6.04361865234375,-29.924163818359375,19.162872314453125,23.823440551757812
1789061763980578800,6.053578857421875,-30.000328063964844,19.32628631591797,23.647159576416016
1789061763990539800,6.063539794921875,-30.20519256591797,19.457000732421875,23.588233947753906
1789061764000499700,6.073499755859375,-30.23711395263672,19.51154327392578,23.596351623535156
1789061764010461000,6.0834609375,-29.900726318359375,19.5245361328125,23.470916748046875
1789061764020421600,6.093421630859375,-29.757568359375,19.539306640625,23.529376983642578
1789061764030381800,6.1033818359375,-30.093032836914062,19.5572509765625,23.52198028564453
1789061764040342800,6.1133427734375,-30.069686889648438,19.53436279296875,23.47484588623047
1789061764050302700,6.123302734375,-30.289329528808594,19.561508178710938,23.256263732910156
1789061764060264000,6.133263916015625,-30.100929260253906,19.65764617919922,23.142066955566406
1789061764070224000,6.143223876953125,-30.12969207763672,19.689620971679688,23.06112289428711
1789061764080184600,6.1531845703125,-30.19805145263672,19.853713989257812,22.859203338623047
1789061764090144800,6.163144775390625,-30.355812072753906,19.980194091796875,22.792598724365234
1789061764100105700,6.173105712890625,-30.158164978027344,20.135040283203125,22.863994598388672
1789061764110067000,6.18306689453125,-30.091415405273438,19.967918395996094,22.83356475830078
1789061764120027000,6.19302685546875,-30.007225036621094,19.83635711669922,22.83614730834961
1789061764129987800,6.20298779296875,-30.24732208251953,19.86701202392578,22.91949462890625
1789061764139947800,6.21294775390625,-30.109222412109375,19.83990478515625,23.024497985839844
1789061764149908700,6.22290869140625,-30.15642547607422,19.943687438964844,23.084217071533203
1789061764159868700,6.23286865234375,-29.991302490234375,20.0345458984375,23.146018981933594
1789061764169830000,6.242829833984375,-29.917617797851562,20.041908264160156,23.297237396240234
1789061764179790800,6.252790771484375,-29.796356201171875,20.037017822265625,23.392440795898438
1789061764189750800,6.262750732421875,-29.625709533691406,20.09014892578125,23.63739776611328
1789061764199711700,6.272711669921875,-29.54418182373047,19.982261657714844,23.60700225830078
1789061764209671700,6.282671630859375,-29.63280487060547,20.06689453125,23.675228118896484
1789061764219633000,6.2926328125,-29.568885803222656,19.88774871826172,23.78494644165039
1789061764229592800,6.3025927734375,-29.642074584960938,19.88617706298828,23.873558044433594
1789061764239554000,6.312553955078125,-29.784072875976562,19.763931274414062,23.891571044921875
1789061764249514000,6.322513916015625,-29.883056640625,19.68109893798828,23.88528060913086
1789061764259474700,6.332474609375,-29.68529510498047,19.74224090576172,24.03199005126953
1789061764269436000,6.342435791015625,-29.78717803955078,19.77001953125,23.9918212890625
1789061764279395800,6.352395751953125,-29.49059295654297,19.78368377685547,24.22597885131836
1789061764289356800,6.362356689453125,-29.211502075195312,19.950271606445312,24.32766342163086
1789061764299317000,6.37231689453125,-29.263328552246094,20.091453552246094,24.551441192626953
1789061764309277700,6.382277587890625,-28.825393676757812,20.23046112060547,24.667964935302734
1789061764319237600,6.392237548828125,-28.435340881347656,20.213050842285156,24.565231323242188
1789061764329198800,6.40219873046875,-28.46149444580078,20.354652404785156,24.724456787109375
1789061764339159800,6.412159912109375,-28.565994262695312,20.460617065429688,24.38079071044922
1789061764349120000,6.4221201171875,-28.992599487304688,20.623573303222656,24.0946044921875
1789061764359080700,6.432080810546875,-29.15435791015625,20.588577270507812,23.72728729248047
1789061764369040600,6.44204052734375,-29.653526306152344,20.810340881347656,23.430187225341797
1789061764379001900,6.452001953125,-29.492416381835938,20.6917724609375,23.24898910522461
1789061764388961800,6.4619619140625,-29.434242248535156,20.7117919921875,23.183364868164062
1789061764398923000,6.471923095703125,-29.434242248535156,20.7117919921875,23.183364868164062
1789061764408883000,6.481883056640625,-29.391830444335938,20.800704956054688,23.19552230834961
1789061764418843600,6.49184375,-29.483070373535156,20.63477325439453,23.14767074584961
1789061764428804900,6.501804931640625,-29.483070373535156,20.63477325439453,23.14767074584961
1789061764438764800,6.511764892578125,-29.1387939453125,20.85987091064453,23.344871520996094
1789061764448725800,6.521725830078125,-29.290817260742188,20.864166259765625,23.401813507080078
1789061764458686000,6.53168603515625,-29.36444091796875,20.917030334472656,23.434001922607422
1789061764468646700,6.541646728515625,-29.24261474609375,20.958213806152344,23.378170013427734
1789061764478606600,6.551606689453125,-29.248992919921875,20.98375701904297,23.593059539794922
1789061764488567800,6.56156787109375,-29.15190887451172,21.167495727539062,23.42220687866211
1789061764498528800,6.57152880859375,-29.057586669921875,21.057907104492188,23.464344024658203
1789061764508489000,6.581489013671875,-29.033859252929688,21.3101806640625,23.480026245117188
1789061764518449700,6.59144970703125,-29.04747772216797,21.315032958984375,23.360877990722656
1789061764528409600,6.60140966796875,-29.26250457763672,21.22101593017578,23.502758026123047
1789061764538370800,6.611370849609375,-29.011131286621094,21.262298583984375,23.517345428466797
1789061764548330800,6.621330810546875,-29.250930786132812,21.32434844970703,23.525001525878906
1789061764558292000,6.6312919921875,-29.080230712890625,21.168807983398438,23.326641082763672
1789061764568253000,6.6412529296875,-29.14655303955078,21.249954223632812,23.302082061767578
1789061764578212900,6.651212890625,-29.11956787109375,21.221839904785156,23.11459732055664
1789061764588174000,6.661174072265625,-29.47917938232422,21.382652282714844,23.13228988647461
1789061764598134000,6.671134033203125,-29.60223388671875,21.36389923095703,23.00445556640625
1789061764608095200,6.68109521484375,-29.356300354003906,21.495460510253906,22.815444946289062
1789061764618055200,6.69105517578125,-29.338233947753906,21.39044952392578,22.943706512451172
1789061764628015900,6.701015869140625,-29.534461975097656,21.521453857421875,22.903560638427734
1789061764637976000,6.71097607421875,-29.33136749267578,21.478599548339844,22.925579071044922
1789061764647937000,6.72093701171875,-29.421661376953125,21.540855407714844,22.89078140258789
1789061764657898000,6.73089794921875,-29.653106689453125,21.584625244140625,22.844757080078125
1789061764667858200,6.740858154296875,-29.701087951660156,21.598724365234375,22.750823974609375
1789061764677819100,6.750819091796875,-29.569068908691406,21.649688720703125,22.84573745727539
1789061764687779000,6.760779052734375,-29.513290405273438,21.65595245361328,22.729568481445312
1789061764697740000,6.770739990234375,-29.283187866210938,21.709877014160156,22.654399871826172
1789061764707700000,6.780699951171875,-29.525230407714844,21.671669006347656,22.6519775390625
1789061764717661200,6.7906611328125,-29.67066192626953,21.746986389160156,22.520263671875
1789061764727622100,6.8006220703125,-29.48273468017578,21.681488037109375,22.423973083496094
1789061764737582000,6.81058203125,-29.76715087890625,21.732864379882812,22.386329650878906
1789061764747543000,6.82054296875,-29.497337341308594,21.73401641845703,22.30782699584961
1789061764757503000,6.8305029296875,-29.597129821777344,21.660964965820312,22.231101989746094
1789061764767464200,6.840464111328125,-29.498382568359375,21.642234802246094,22.141502380371094
1789061764777424100,6.850424072265625,-29.78520965576172,21.55445098876953,22.069786071777344
1789061764787385000,6.860385009765625,-29.602523803710938,21.523582458496094,22.22521209716797
1789061764797346000,6.870345947265625,-29.53418731689453,21.284278869628906,22.20665740966797
1789061764807306000,6.880305908203125,-29.401390075683594,21.36054229736328,22.173484802246094
1789061764817267200,6.89026708984375,-29.36090850830078,21.390350341796875,22.281009674072266
1789061764827227100,6.90022705078125,-29.698348999023438,21.274322509765625,22.27710723876953
1789061764837188000,6.91018798828125,-29.907310485839844,21.16168212890625,22.334712982177734
1789061764847148300,6.920148193359375,-29.944122314453125,21.15129852294922,22.263320922851562
1789061764857109000,6.93010888671875,-30.11627960205078,21.154808044433594,22.192134857177734
1789061764867069000,6.94006884765625,-30.297225952148438,21.211830139160156,22.277606964111328
1789061764877030100,6.950030029296875,-30.360267639160156,21.233985900878906,22.068756103515625
1789061764886991000,6.9599912109375,-30.220977783203125,21.208709716796875,22.018474578857422
1789061764896951000,6.969950927734375,-29.881675720214844,21.138824462890625,22.092395782470703
1789061764906912000,6.979912109375,-30.112876892089844,21.201065063476562,22.174945831298828
1789061764916872000,6.989871826171875,-29.903121948242188,21.348953247070312,22.478199005126953
1789061764926833200,6.999833251953125,-29.379058837890625,21.346664428710938,22.963783264160156
1789061764936793000,7.00979296875,-29.066795349121094,21.347999572753906,23.331253051757812
1789061764946754000,7.019754150390625,-28.832862854003906,21.304550170898438,23.579647064208984
1789061764956715000,7.029715087890625,-28.920860290527344,21.22357940673828,23.687179565429688
1789061764966675000,7.039675048828125,-28.795135498046875,21.285057067871094,23.748401641845703
1789061764976636200,7.04963623046875,-28.627784729003906,21.433876037597656,23.343990325927734
1789061764986596000,7.05959619140625,-29.033920288085938,21.53795623779297,23.155075073242188
1789061764996557000,7.06955712890625,-29.100723266601562,21.663238525390625,22.937744140625
1789061765006517200,7.079517333984375,-29.189056396484375,21.82202911376953,22.575042724609375
1789061765016478000,7.08947802734375,-29.39892578125,22.016311645507812,22.26732635498047
1789061765026438000,7.09943798828125,-29.43407440185547,22.206710815429688,22.006763458251953
1789061765036399000,7.109399169921875,-29.70653533935547,22.16815948486328,21.75497817993164
1789061765046360000,7.119360107421875,-29.647361755371094,22.30670928955078,21.643943786621094
1789061765056320000,7.129320068359375,-29.845680236816406,22.413902282714844,21.302978515625
1789061765066281000,7.139281005859375,-30.1495361328125,22.49364471435547,21.15935516357422
1789061765076241000,7.149240966796875,-30.06938934326172,22.702720642089844,20.925201416015625
1789061765086202000,7.1592021484375,-29.963661193847656,22.879493713378906,20.989276885986328
1789061765096162000,7.169162109375,-29.868568420410156,23.059349060058594,20.813461303710938
1789061765106123000,7.179123046875,-29.77979278564453,23.099159240722656,20.679576873779297
1789061765116084200,7.189084228515625,-29.832107543945312,23.276893615722656,20.803157806396484
1789061765126044200,7.199044189453125,-29.518264770507812,23.469619750976562,20.91388702392578
1789061765136005000,7.209005126953125,-29.20184326171875,23.61493682861328,20.921192169189453
1789061765145965000,7.218965087890625,-29.04621124267578,23.664283752441406,21.064468383789062
1789061765155926000,7.228926025390625,-28.857437133789062,23.789527893066406,21.307510375976562
1789061765165886200,7.23888623046875,-28.512619018554688,23.976531982421875,21.44293975830078
1789061765175847200,7.24884716796875,-28.169143676757812,23.931304931640625,21.682708740234375
1789061765185808000,7.258807861328125,-28.216903686523438,24.083946228027344,21.911468505859375
1789061765195768000,7.26876806640625,-27.93951416015625,24.275253295898438,22.001628875732422
1789061765205729000,7.27872900390625,-27.781227111816406,24.30736541748047,21.9986572265625
1789061765215689000,7.28868896484375,-27.634231567382812,24.330001831054688,22.040210723876953
1789061765225650200,7.298650146484375,-27.795509338378906,24.3994140625,22.08591079711914
1789061765235610000,7.308610107421875,-27.600563049316406,24.491783142089844,21.814117431640625
1789061765245571000,7.318571044921875,-27.620452880859375,24.681015014648438,21.492122650146484
1789061765255532000,7.328531982421875,-27.652114868164062,24.790420532226562,21.258495330810547
1789061765265492000,7.338491943359375,-27.965660095214844,24.854774475097656,21.017730712890625
1789061765275453200,7.348453125,-28.0997314453125,24.9739990234375,20.854476928710938
1789061765285413000,7.3584130859375,-28.307418823242188,24.96337127685547,20.625385284423828
1789061765295374000,7.3683740234375,-28.26177978515625,25.230751037597656,20.451519012451172
1789061765305334000,7.378333984375,-28.446609497070312,25.215286254882812,20.339553833007812
1789061765315295000,7.388294921875,-28.44940185546875,25.324371337890625,20.027202606201172
1789061765325256200,7.398256103515625,-28.656761169433594,25.33099365234375,19.834426879882812
1789061765335216000,7.408216064453125,-28.815765380859375,25.44652557373047,19.838756561279297
1789061765345177000,7.418177001953125,-28.81237030029297,25.286865234375,19.750259399414062
1789061765355137000,7.428136962890625,-28.91998291015625,25.482566833496094,19.55703353881836
1789061765365098000,7.438097900390625,-28.835670471191406,25.4439697265625,19.557144165039062
1789061765375058200,7.44805810546875,-28.63463592529297,25.566490173339844,19.732036590576172
1789061765385019100,7.45801904296875,-28.455902099609375,25.596412658691406,19.925838470458984
1789061765394979800,7.467979736328125,-28.38641357421875,25.538551330566406,19.981552124023438
1789061765404940000,7.47793994140625,-28.389915466308594,25.47644805908203,20.089344024658203
1789061765414901000,7.48790087890625,-28.3240966796875,25.401504516601562,20.148941040039062
1789061765424861000,7.49786083984375,-28.259429931640625,25.285072326660156,20.192874908447266
1789061765434822100,7.507822265625,-28.13904571533203,25.265342712402344,20.136672973632812
1789061765444782000,7.517781982421875,-28.248214721679688,25.248741149902344,20.27933120727539
1789061765454743000,7.527742919921875,-28.202301025390625,25.299514770507812,20.291553497314453
1789061765464704000,7.5377041015625,-28.453895568847656,25.105003356933594,20.356510162353516
1789061765474664000,7.547663818359375,-28.54285430908203,25.123268127441406,20.382930755615234
1789061765484625200,7.557625244140625,-28.540176391601562,24.97197723388672,20.492385864257812
1789061765494585000,7.567585205078125,-28.832725524902344,24.880966186523438,20.539310455322266
1789061765504546000,7.577546142578125,-28.896522521972656,24.835968017578125,20.43077850341797
1789061765514506000,7.587506103515625,-28.67864227294922,24.759742736816406,20.508731842041016
1789061765524467000,7.597467041015625,-28.898300170898438,24.65540313720703,20.37424087524414
1789061765534428200,7.60742822265625,-28.984893798828125,24.669631958007812,20.293041229248047
1789061765544388000,7.61738818359375,-29.31360626220703,24.569381713867188,20.28453826904297
1789061765554349000,7.62734912109375,-29.31983184814453,24.354347229003906,20.035690307617188
1789061765564309200,7.637309326171875,-29.709510803222656,24.25079345703125,19.690322875976562
1789061765574270000,7.64727001953125,-29.8419189453125,24.15319061279297,19.652847290039062
1789061765584230000,7.65722998046875,-29.919082641601562,24.13629913330078,19.624988555908203
1789061765594190800,7.66719091796875,-29.465530395507812,24.39910888671875,19.900447845458984
1789061765604152000,7.677152099609375,-29.037025451660156,24.6531982421875,20.397987365722656
1789061765614112000,7.687112060546875,-28.272232055664062,24.789756774902344,21.02375030517578
1789061765624072700,7.69707275390625,-27.518936157226562,25.022254943847656,21.597305297851562
1789061765634033000,7.707032958984375,-27.250137329101562,25.326820373535156,21.967334747314453
1789061765643993900,7.716993896484375,-26.766281127929688,25.431869506835938,22.199909210205078
1789061765653953800,7.726953857421875,-26.73780059814453,25.503753662109375,21.99359130859375
1789061765663915000,7.7369150390625,-26.84667205810547,25.44001007080078,21.387107849121094
1789061765673875700,7.746875732421875,-27.614959716796875,25.378822326660156,20.482383728027344
1789061765683836000,7.7568359375,-28.449607849121094,25.255935668945312,19.657058715820312
1789061765693796900,7.766796875,-28.878707885742188,25.381622314453125,18.964096069335938
1789061765703756800,7.7767568359375,-29.42035675048828,25.363601684570312,18.513103485107422
1789061765713718000,7.786718017578125,-29.59520721435547,25.366539001464844,18.225364685058594
1789061765723678000,7.796677978515625,-29.72724151611328,25.334144592285156,18.231456756591797
1789061765733639000,7.806638916015625,-29.368507385253906,25.26477813720703,18.47171401977539
1789061765743598800,7.816598876953125,-29.466758728027344,25.168983459472656,18.828441619873047
1789061765753559800,7.826559814453125,-29.260704040527344,25.085494995117188,19.29253387451172
1789061765763521000,7.83652099609375,-29.113250732421875,24.952598571777344,19.698246002197266
1789061765773481000,7.84648095703125,-29.022903442382812,24.897872924804688,20.011394500732422
1789061765783441700,7.856441650390625,-28.78588104248047,24.80176544189453,20.27407455444336
1789061765793401900,7.86640185546875,-28.62487030029297,24.74585723876953,20.40094757080078
1789061765803362800,7.87636279296875,-28.54906463623047,24.68543243408203,20.643104553222656
1789061765813322800,7.88632275390625,-28.56568145751953,24.691368103027344,20.619163513183594
1789061765823284000,7.896283935546875,-28.6495361328125,24.59186553955078,20.63561248779297
1789061765833245000,7.906244873046875,-28.654014587402344,24.55078125,20.457462310791016
1789061765843204900,7.916204833984375,-28.869949340820312,24.605010986328125,20.436920166015625
1789061765853165800,7.926165771484375,-29.047584533691406,24.55274200439453,20.40481948852539
1789061765863125800,7.936125732421875,-28.904281616210938,24.512313842773438,20.32434844970703
1789061765873087000,7.9460869140625,-29.00853729248047,24.509246826171875,20.153968811035156
1789061765883048000,7.9560478515625,-28.995513916015625,24.59075164794922,20.296154022216797
1789061765893008000,7.9660078125,-28.77428436279297,24.5123291015625,20.175983428955078
1789061765902968800,7.97596875,-28.902664184570312,24.40074920654297,20.324909210205078
1789061765912928800,7.9859287109375,-28.89789581298828,24.434432983398438,20.306560516357422
1789061765922890000,7.995889892578125,-28.92298126220703,24.44611358642578,20.32717514038086
1789061765932850000,8.005849853515626,-29.166168212890625,24.435211181640625,20.35812759399414
1789061765942811100,8.01581103515625,-29.05554962158203,24.33220672607422,20.414783477783203
1789061765952771800,8.025771728515625,-28.912681579589844,24.36650848388672,20.52303695678711
1789061765962731800,8.035731689453126,-28.719512939453125,24.286041259765625,20.677265167236328
1789061765972693000,8.04569287109375,-28.758506774902344,24.311256408691406,20.770912170410156
1789061765982653000,8.05565283203125,-28.913711547851562,24.366607666015625,20.722835540771484
1789061765992614000,8.06561376953125,-28.93543243408203,24.399551391601562,20.730701446533203
1789061766002574000,8.075573974609375,-28.80956268310547,24.392684936523438,20.906963348388672
1789061766012534800,8.08553466796875,-28.78559112548828,24.38434600830078,20.737987518310547
1789061766022496000,8.09549609375,-28.92584228515625,24.367835998535156,20.803062438964844
1789061766032456000,8.1054560546875,-28.6617431640625,24.31140899658203,20.852706909179688
1789061766042417000,8.1154169921875,-28.47496795654297,24.297561645507812,20.8609619140625
1789061766052377000,8.125377197265625,-28.586639404296875,24.292312622070312,20.96554946899414
1789061766062337800,8.135337890625,-28.586639404296875,24.292312622070312,20.96554946899414
1789061766072297700,8.145297607421876,-28.78814697265625,24.335792541503906,20.94481658935547
1789061766082259000,8.155259033203125,-28.86980438232422,24.264068603515625,20.888935089111328
1789061766092220000,8.165219970703125,-28.915184020996094,24.31938934326172,20.761554718017578
1789061766102180000,8.17518017578125,-28.94322967529297,24.24322509765625,20.821430206298828
1789061766112140800,8.185140869140625,-28.94322967529297,24.24322509765625,20.821430206298828
1789061766122100700,8.195100830078125,-28.937408447265625,24.02202606201172,20.735641479492188
1789061766132062000,8.20506201171875,-28.951507568359375,23.919334411621094,20.810504913330078
1789061766142022000,8.21502197265625,-29.207069396972656,23.7833251953125,20.711822509765625
1789061766151982800,8.22498291015625,-29.42778778076172,23.763221740722656,20.701805114746094
1789061766161943800,8.23494384765625,-29.633041381835938,23.55432891845703,20.614376068115234
1789061766171903700,8.24490380859375,-29.884376525878906,23.57892608642578,20.34122085571289
1789061766181865000,8.254864990234376,-29.982864379882812,23.50165557861328,20.303997039794922
1789061766191825000,8.264824951171875,-29.93999481201172,23.60272216796875,19.833251953125
1789061766201785900,8.274785888671875,-30.09143829345703,23.526405334472656,19.598526000976562
1789061766211746000,8.28474609375,-30.21977996826172,23.66162109375,19.274169921875
1789061766221706800,8.294706787109375,-30.290130615234375,23.87226104736328,18.99443817138672
1789061766231668000,8.30466796875,-30.339370727539062,24.070724487304688,19.030380249023438
1789061766241628000,8.3146279296875,-30.022132873535156,24.192527770996094,19.133289337158203
1789061766251588900,8.3245888671875,-29.565475463867188,24.49449920654297,19.52573013305664
1789061766261549000,8.334549072265625,-29.25983428955078,24.66143035888672,19.90178680419922
1789061766271509800,8.344509765625,-28.66046905517578,24.930999755859375,20.10873031616211
1789061766281469700,8.3544697265625,-28.385818481445312,25.03374481201172,20.26947021484375
1789061766291431000,8.364430908203126,-28.174514770507812,25.194076538085938,20.367645263671875
1789061766301392000,8.374391845703125,-28.259811401367188,25.2576904296875,20.27782440185547
1789061766311352000,8.38435205078125,-28.259811401367188,25.2576904296875,20.27782440185547
1789061766321313000,8.39431298828125,-28.803993225097656,25.409072875976562,19.458297729492188
1789061766331273000,8.40427294921875,-29.057540893554688,25.54217529296875,18.920440673828125
1789061766341234000,8.41423388671875,-29.40801239013672,25.60901641845703,18.21361541748047
1789061766351193900,8.42419384765625,-29.477149963378906,25.772186279296875,17.553997039794922
1789061766361154800,8.43415478515625,-29.51531219482422,25.959754943847656,17.189983367919922
1789061766371116000,8.444115966796875,-29.51531219482422,25.959754943847656,17.189983367919922
1789061766381076000,8.454075927734374,-29.335166931152344,26.42217254638672,16.729385375976562
1789061766391037000,8.464036865234375,-28.925247192382812,26.738555908203125,16.784420013427734
1789061766400996900,8.473996826171875,-28.876205444335938,26.87647247314453,16.70754623413086
1789061766410957800,8.483957763671874,-28.596633911132812,27.015602111816406,16.990394592285156
1789061766420918000,8.49391796875,-28.651992797851562,27.090042114257812,17.156173706054688
1789061766430879000,8.50387890625,-28.61322784423828,27.112091064453125,17.274532318115234
1789061766440840000,8.51383984375,-28.535865783691406,27.083450317382812,17.280277252197266
1789061766450799900,8.5237998046875,-28.381492614746094,27.266868591308594,17.266925811767578
1789061766460760800,8.5337607421875,-28.302406311035156,27.400344848632812,17.183712005615234
1789061766470721000,8.543720947265625,-28.225013732910156,27.65583038330078,16.899559020996094
1789061766480682000,8.553681884765625,-28.10729217529297,27.97076416015625,16.605716705322266
1789061766490642000,8.563641845703126,-28.027053833007812,28.17900848388672,16.41600799560547
1789061766500603000,8.573602783203125,-27.888641357421875,28.216575622558594,16.200347900390625
1789061766510563800,8.583563720703125,-27.947486877441406,28.412948608398438,15.851844787597656
1789061766520523800,8.593523681640624,-27.913345336914062,28.45983123779297,15.773506164550781
1789061766530485000,8.603485107421875,-27.806785583496094,28.622520446777344,15.571968078613281
1789061766540445000,8.61344482421875,-27.581581115722656,28.734893798828125,15.243106842041016
1789061766550406000,8.623406005859374,-27.52490997314453,28.858924865722656,15.056949615478516
1789061766560365800,8.63336572265625,-27.568450927734375,28.971458435058594,15.037094116210938
1789061766570326800,8.643326904296876,-27.564041137695312,28.972190856933594,14.905876159667969
1789061766580288000,8.6532880859375,-27.63713836669922,28.99932861328125,14.917991638183594
1789061766590247400,8.663247314453125,-27.37042999267578,29.144241333007812,14.826885223388672
1789061766600208600,8.673208740234376,-27.425765991210938,29.184097290039062,14.726093292236328
1789061766610168600,8.68316845703125,-27.497329711914062,29.293052673339844,14.55276870727539
1789061766620129300,8.69312939453125,-27.707427978515625,29.31378936767578,14.5177001953125
1789061766630090500,8.703090576171874,-27.4775390625,29.29662322998047,14.218608856201172
1789061766640050400,8.713050537109375,-27.371566772460938,29.403350830078125,13.92572021484375
1789061766650011600,8.72301171875,-27.37225341796875,29.506027221679688,13.812156677246094
1789061766659971600,8.7329716796875,-27.449005126953125,29.571861267089844,13.702629089355469
1789061766669932300,8.742932373046875,-27.463958740234375,29.49079132080078,13.61282730102539
1789061766679892500,8.752892578125,-27.503280639648438,29.64398956298828,13.589866638183594
1789061766689853400,8.762853515625,-27.630172729492188,29.80194091796875,13.358013153076172
1789061766699814400,8.772814453125,-27.652328491210938,29.76946258544922,13.258872985839844
1789061766709774600,8.782774658203126,-27.79914093017578,29.844528198242188,13.123497009277344
1789061766719735300,8.7927353515625,-27.672096252441406,29.872787475585938,12.966941833496094
1789061766729695200,8.8026953125,-27.55803680419922,29.848228454589844,12.905006408691406
1789061766739656400,8.812656494140626,-27.78656768798828,29.86114501953125,13.054370880126953
1789061766749616400,8.822616455078125,-27.509796142578125,29.85693359375,13.052989959716797
1789061766759577600,8.83257763671875,-27.320396423339844,29.83985137939453,13.002155303955078
1789061766769538300,8.842538330078124,-27.260292053222656,29.998275756835938,12.720230102539062
1789061766779498200,8.852498291015625,-27.312347412109375,29.926361083984375,12.594493865966797
1789061766789459500,8.86245947265625,-27.642532348632812,29.97270965576172,12.483104705810547
1789061766799419400,8.87241943359375,-27.52935028076172,29.9107666015625,12.271778106689453
1789061766809380600,8.882380615234375,-27.592010498046875,29.960708618164062,12.055927276611328
1789061766819340500,8.892340576171875,-27.73810577392578,29.98797607421875,11.774188995361328
1789061766829301200,8.90230126953125,-27.964279174804688,30.002418518066406,11.57708740234375
1789061766839262500,8.912262451171875,-28.128997802734375,29.9290771484375,11.456344604492188
1789061766849222400,8.922222412109376,-28.241432189941406,29.86572265625,11.207687377929688
1789061766859183600,8.93218359375,-28.43315887451172,29.765716552734375,10.919734954833984
1789061766869143600,8.9421435546875,-28.925216674804688,29.737899780273438,10.693122863769531
1789061766879104300,8.952104248046876,-29.421958923339844,29.622665405273438,10.390296936035156
1789061766889065500,8.9620654296875,-29.11669158935547,29.55284881591797,9.750534057617188
1789061766899025400,8.972025390625,-29.45813751220703,29.431472778320312,9.217960357666016
1789061766908986400,8.981986328125,-29.616416931152344,29.443069458007812,8.608917236328125
1789061766918946600,8.991946533203125,-29.870101928710938,29.379150390625,8.235237121582031
1789061766928907500,9.001907470703125,-29.661224365234375,29.582046508789062,7.889198303222656
1789061766938867500,9.011867431640624,-29.538780212402344,29.82470703125,7.68231201171875
1789061766948828400,9.021828369140625,-29.45830535888672,30.03478240966797,7.569000244140625
1789061766958789400,9.031789306640626,-29.144996643066406,30.481910705566406,7.555309295654297
1789061766968749600,9.04174951171875,-28.83746337890625,30.577880859375,7.530109405517578
1789061766978710500,9.05171044921875,-28.537155151367188,30.78905487060547,7.450962066650391
1789061766988670500,9.06167041015625,-28.20636749267578,30.89740753173828,7.0300445556640625
1789061766998631400,9.07163134765625,-28.60936737060547,31.042816162109375,6.202640533447266
1789061767008591400,9.08159130859375,-28.667160034179688,31.10931396484375,5.704917907714844
1789061767018552600,9.091552490234376,-28.96031951904297,30.990882873535156,4.806369781494141
1789061767028513500,9.101513427734375,-29.084243774414062,30.955482482910156,3.999256134033203
1789061767038473500,9.111473388671875,-29.218093872070312,30.807357788085938,3.227813720703125
1789061767048434400,9.121434326171874,-29.288070678710938,30.76683807373047,2.4606246948242188
1789061767058394400,9.131394287109375,-29.556594848632812,30.79529571533203,1.7611503601074219
1789061767068355300,9.141355224609375,-29.607650756835938,30.814125061035156,1.1314201354980469
1789061767078315500,9.1513154296875,-29.779144287109375,30.76335906982422,0.3906593322753906
1789061767088276500,9.1612763671875,-29.669822692871094,30.654327392578125,-0.2276458740234375
1789061767098237400,9.171237548828126,-29.846961975097656,30.714988708496094,-0.6986656188964844
1789061767108197400,9.181197265625,-30.113059997558594,30.79442596435547,-1.4241104125976562
1789061767118158300,9.191158447265625,-29.880210876464844,30.734222412109375,-2.0498046875
1789061767128118500,9.201118408203126,-29.63689422607422,30.555694580078125,-2.7287940979003906
1789061767138079500,9.21107958984375,-29.676956176757812,30.5262451171875,-3.2164649963378906
1789061767148040400,9.22104052734375,-29.618629455566406,30.55725860595703,-3.8320693969726562
1789061767158000400,9.23100048828125,-29.857833862304688,30.507888793945312,-4.406581878662109
1789061767167961300,9.24096142578125,-29.8826904296875,30.460350036621094,-5.063301086425781
1789061767177921500,9.250921630859375,-29.91631317138672,30.33648681640625,-5.500007629394531
1789061767187882500,9.260882568359374,-30.110679626464844,30.243484497070312,-5.960315704345703
1789061767197842400,9.270842529296875,-30.2523193359375,30.168060302734375,-6.663593292236328
1789061767207803400,9.280803466796876,-29.933876037597656,30.020004272460938,-7.179008483886719
1789061767217764400,9.290764404296874,-29.954559326171875,29.799903869628906,-7.911567687988281
1789061767227724500,9.300724609375,-29.99090576171875,29.686363220214844,-8.702413558959961
1789061767237685500,9.310685546875,-30.13562774658203,29.42888641357422,-9.431108474731445
1789061767247645400,9.3206455078125,-30.011184692382812,29.09912109375,-10.225236892700195
1789061767257606400,9.3306064453125,-30.196258544921875,28.88703155517578,-11.10861587524414
1789061767267567400,9.3405673828125,-30.10015106201172,28.73249053955078,-11.796764373779297
1789061767277527300,9.35052734375,-30.140098571777344,28.45342254638672,-12.531036376953125
1789061767287488500,9.360488525390625,-30.01457977294922,28.265716552734375,-13.204418182373047
1789061767297448400,9.370448486328126,-30.11406707763672,27.90052032470703,-13.852096557617188
1789061767307409400,9.380409423828125,-30.268272399902344,27.604095458984375,-14.419448852539062
1789061767317369300,9.390369384765625,-30.40386199951172,27.324020385742188,-15.040565490722656
1789061767327330300,9.400330322265624,-30.44622039794922,27.043197631835938,-15.535120010375977
1789061767337291500,9.41029150390625,-30.099334716796875,26.672134399414062,-16.10230827331543
1789061767347251500,9.42025146484375,-29.81103515625,26.427894592285156,-16.55554962158203
1789061767357212400,9.43021240234375,-29.724937438964844,26.247604370117188,-17.226350784301758
1789061767367172400,9.44017236328125,-29.80988311767578,25.987396240234375,-17.745677947998047
1789061767377133300,9.45013330078125,-29.732284545898438,25.87604522705078,-18.300302505493164
1789061767387093500,9.460093505859374,-29.883056640625,25.540687561035156,-18.78408432006836
1789061767397054500,9.470054443359375,-29.511550903320312,25.121116638183594,-19.216354370117188
1789061767407015400,9.480015380859374,-29.603790283203125,24.75756072998047,-19.811317443847656
1789061767416975600,9.4899755859375,-29.58319854736328,24.5047607421875,-20.306060791015625
1789061767426936300,9.499936279296875,-29.545074462890625,24.21495819091797,-20.83692741394043
1789061767436896300,9.509896240234376,-29.464210510253906,23.912353515625,-21.301456451416016
1789061767446857500,9.519857421875,-29.594436645507812,23.507591247558594,-21.64913558959961
1789061767456818400,9.529818359375,-29.68182373046875,23.26927947998047,-22.19921875
1789061767466778600,9.539778564453124,-29.51483917236328,22.913131713867188,-22.53876304626465
1789061767476739300,9.5497392578125,-29.5389404296875,22.514564514160156,-22.9241943359375
1789061767486699300,9.55969921875,-29.610260009765625,22.220115661621094,-23.3078556060791
1789061767496660500,9.569660400390624,-29.720191955566406,21.865501403808594,-23.68948745727539
1789061767506620400,9.579620361328125,-29.61925506591797,21.56092071533203,-23.985958099365234
1789061767516581600,9.58958154296875,-29.67681121826172,21.29430389404297,-24.09058380126953
1789061767526542300,9.599542236328125,-29.49443817138672,21.02739715576172,-24.42369842529297
1789061767536502300,9.609502197265625,-29.556121826171875,20.734024047851562,-24.581043243408203
1789061767546463500,9.61946337890625,-29.27997589111328,20.41607666015625,-24.766075134277344
1789061767556423400,9.62942333984375,-29.37102508544922,20.212371826171875,-25.01335906982422
1789061767566384600,9.639384521484375,-29.293052673339844,19.997451782226562,-25.28801155090332
1789061767576344600,9.649344482421874,-29.113685607910156,19.77355194091797,-25.44395637512207
1789061767586306000,9.65930615234375,-29.4752197265625,19.520103454589844,-25.66015625
1789061767596267000,9.66926708984375,-29.547897338867188,19.35704803466797,-25.977506637573242
1789061767606227000,9.67922705078125,-29.542098999023438,19.138275146484375,-25.967639923095703
1789061767616188200,9.689188232421875,-29.567764282226562,18.811599731445312,-26.132076263427734
1789061767626148000,9.699148193359376,-29.626861572265625,18.630653381347656,-26.219799041748047
1789061767636109000,9.709109130859375,-29.762130737304688,18.38275909423828,-26.389808654785156
1789061767646070000,9.719070068359375,-29.972373962402344,18.12085723876953,-26.396745681762695
1789061767656030000,9.729030029296876,-29.762039184570312,18.006553649902344,-26.457962036132812
1789061767665991200,9.7389912109375,-29.770645141601562,17.796676635742188,-26.594114303588867
1789061767675951000,9.748951171875,-29.689727783203125,17.504493713378906,-26.788623809814453
1789061767685912000,9.758912109375,-29.7220458984375,17.44732666015625,-26.95846176147461
1789061767695872000,9.7688720703125,-29.67774200439453,17.35651397705078,-27.246742248535156
1789061767705833000,9.7788330078125,-29.69391632080078,17.233055114746094,-27.36461639404297
1789061767715794200,9.788794189453125,-29.396148681640625,17.01873016357422,-27.597314834594727
1789061767725754000,9.798754150390625,-29.25921630859375,16.87529754638672,-27.982826232910156
1789061767735714800,9.80871484375,-28.94225311279297,16.806350708007812,-28.162050247192383
1789061767745675000,9.818675048828124,-28.837249755859375,16.813735961914062,-28.5084228515625
1789061767755636000,9.828635986328125,-28.552139282226562,16.60235595703125,-28.644872665405273
1789061767765597200,9.83859716796875,-28.42792510986328,16.637611389160156,-28.57329559326172
1789061767775557000,9.84855712890625,-28.727554321289062,16.800979614257812,-28.20279884338379
1789061767785517800,9.858517822265625,-29.38323211669922,16.864952087402344,-27.694923400878906
1789061767795478000,9.86847802734375,-29.60962677001953,17.067222595214844,-27.05713653564453
1789061767805439000,9.87843896484375,-30.140701293945312,17.165321350097656,-26.577621459960938
1789061767815399000,9.88839892578125,-30.332778930664062,17.061752319335938,-26.247493743896484
1789061767825360100,9.898360107421874,-30.474815368652344,17.06745147705078,-26.34505844116211
1789061767835320800,9.90832080078125,-30.310630798339844,16.83580780029297,-26.836406707763672
1789061767845281000,9.918281005859376,-29.896591186523438,16.663101196289062,-27.390411376953125
1789061767855242000,9.928241943359374,-28.882308959960938,16.385169982910156,-28.284873962402344
1789061767865202000,9.938201904296875,-28.193649291992188,16.024612426757812,-29.838756561279297
1789061767875163100,9.9481630859375,-27.439292907714844,15.895011901855469,-30.28750991821289
1789061767885124000,9.9581240234375,-27.052162170410156,15.983177185058594,-30.498130798339844
1789061767895084000,9.968083984375,-27.20452880859375,16.068138122558594,-30.53441619873047
1789061767905045000,9.978044921875,-27.428749084472656,15.925872802734375,-30.50457191467285
1789061767915005000,9.9880048828125,-27.428749084472656,15.925872802734375,-30.50457191467285
1789061767924966100,9.997966064453125,-28.021530151367188,15.794403076171875,-29.8030948638916
1789061767934926000,10.007926025390624,-28.3756103515625,15.6983642578125,-29.28407096862793
1789061767944887000,10.017886962890625,-28.81580352783203,15.540496826171875,-28.823291778564453
1789061767954848000,10.027847900390626,-29.188499450683594,15.457313537597656,-28.55612564086914
1789061767964808000,10.037807861328124,-29.66510009765625,15.270980834960938,-28.203649520874023
1789061767974769200,10.04776904296875,-30.037742614746094,15.224449157714844,-27.982847213745117
1789061767984729000,10.05772900390625,-30.10865020751953,15.205718994140625,-28.08491325378418
1789061767994690000,10.06768994140625,-29.979949951171875,15.177902221679688,-28.02313995361328
1789061768004651000,10.077651123046875,-29.751907348632812,15.131500244140625,-28.165576934814453
1789061768014611000,10.08761083984375,-29.425567626953125,15.134696960449219,-28.266197204589844
1789061768024572200,10.097572265625,-29.34288787841797,15.160758972167969,-28.482656478881836
1789061768034532000,10.107531982421875,-29.28985595703125,15.153602600097656,-28.63286781311035
1789061768044493000,10.1174931640625,-29.092529296875,15.091331481933594,-28.847579956054688
1789061768054453200,10.127453369140625,-28.98786163330078,14.942779541015625,-28.926666259765625
1789061768064414000,10.1374140625,-29.07292938232422,14.969154357910156,-29.045703887939453
1789061768074375000,10.147375,-29.2178955078125,14.945808410644531,-29.0709171295166
1789061768084335000,10.157335205078125,-29.278175354003906,14.963325500488281,-29.188573837280273
1789061768094296000,10.167296142578126,-29.112533569335938,14.804298400878906,-29.223173141479492
1789061768104256000,10.177256103515624,-29.162818908691406,14.841629028320312,-29.193767547607422
1789061768114217000,10.187217041015625,-29.25505828857422,14.751754760742188,-29.14591407775879
1789061768124178000,10.197177978515626,-29.037635803222656,14.551536560058594,-29.084056854248047
1789061768134138000,10.20713818359375,-29.26129150390625,14.516220092773438,-29.14521026611328
1789061768144099000,10.21709912109375,-29.400108337402344,14.459945678710938,-29.20958709716797
1789061768154059000,10.22705908203125,-29.496368408203125,14.275703430175781,-29.123367309570312
1789061768164020000,10.23702001953125,-29.373626708984375,14.204231262207031,-29.168439865112305
1789061768173980000,10.24697998046875,-29.694725036621094,14.147682189941406,-29.086517333984375
1789061768183941000,10.256941162109374,-29.973617553710938,14.147537231445312,-29.01891326904297
1789061768193902000,10.266902099609375,-29.8284912109375,14.200706481933594,-29.072723388671875
1789061768203862000,10.276862060546875,-29.798095703125,14.153350830078125,-28.93105697631836
1789061768213823000,10.286822998046874,-30.089637756347656,14.12078857421875,-28.932641983032227
1789061768223783000,10.296782958984375,-30.089447021484375,14.099906921386719,-28.80730628967285
1789061768233744000,10.306743896484376,-30.224411010742188,14.006332397460938,-28.767221450805664
1789061768243705000,10.316705078125,-30.210479736328125,13.909111022949219,-28.514842987060547
1789061768253665000,10.3266650390625,-30.63421630859375,13.935722351074219,-28.25546646118164
1789061768263626000,10.3366259765625,-31.002578735351562,13.779434204101562,-28.007490158081055
1789061768273586000,10.3465859375,-31.07709503173828,13.665908813476562,-27.81763458251953
1789061768283547000,10.356546875,-31.36113739013672,13.596626281738281,-27.53034782409668
1789061768293508000,10.366508056640624,-31.634765625,13.41107177734375,-27.354473114013672
1789061768303468000,10.376468017578125,-31.939300537109375,13.383171081542969,-27.192596435546875
1789061768313429000,10.386428955078125,-31.968719482421875,13.296882629394531,-27.0878849029541
1789061768323389000,10.396388916015624,-31.931259155273438,13.089485168457031,-26.82971954345703
1789061768333350000,10.406349853515625,-32.1795654296875,12.8636474609375,-26.829021453857422
1789061768343310000,10.41631005859375,-32.62238311767578,12.574638366699219,-26.546512603759766
1789061768353271000,10.42627099609375,-32.950462341308594,12.337997436523438,-26.52794647216797
1789061768363232300,10.436232177734375,-32.716712951660156,12.219856262207031,-26.425090789794922
1789061768373192200,10.446192138671876,-32.807899475097656,12.226783752441406,-26.483264923095703
1789061768383153000,10.45615283203125,-32.98052978515625,12.428329467773438,-26.281360626220703
1789061768393113000,10.466113037109375,-32.85496520996094,12.885429382324219,-26.25946044921875
1789061768403074000,10.476073974609376,-32.53916931152344,13.383125305175781,-26.36328125
1789061768413035000,10.486034912109375,-32.006591796875,13.996444702148438,-26.395811080932617
1789061768422995200,10.4959951171875,-31.962188720703125,14.623428344726562,-26.330076217651367
1789061768432956000,10.505955810546874,-31.680770874023438,15.119682312011719,-26.679243087768555
1789061768442915800,10.515915771484375,-31.35517120361328,15.294662475585938,-26.77458953857422
1789061768452877000,10.525876953125,-30.989776611328125,15.608535766601562,-26.952531814575195
1789061768462837000,10.5358369140625,-30.789138793945312,15.642173767089844,-27.20148468017578
1789061768472798200,10.545798095703125,-30.631553649902344,15.688316345214844,-27.451786041259766
1789061768482759000,10.555759033203126,-30.641517639160156,15.457611083984375,-27.716068267822266
1789061768492718800,10.56571875,-30.438072204589844,15.306793212890625,-28.103132247924805
1789061768502680000,10.57568017578125,-30.04351806640625,15.106758117675781,-28.380516052246094
1789061768512640000,10.585639892578126,-30.000328063964844,15.014564514160156,-28.594684600830078
1789061768522601200,10.595601318359375,-29.920120239257812,15.135063171386719,-28.91510009765625
1789061768532562000,10.60556201171875,-29.848541259765625,15.0992431640625,-28.872516632080078
1789061768542521900,10.61552197265625,-29.882789611816406,14.988388061523438,-28.822681427001953
1789061768552483000,10.625483154296875,-30.02281951904297,15.114547729492188,-28.479360580444336
1789061768562443000,10.635443115234375,-30.0216064453125,15.176902770996094,-28.187986373901367
1789061768572404000,10.645404052734374,-30.419204711914062,15.394126892089844,-27.665700912475586
1789061768582365000,10.655364990234375,-30.87293243408203,15.520286560058594,-27.1109676361084
1789061768592325000,10.6653251953125,-31.06920623779297,15.642494201660156,-26.772109985351562
1789061768602286000,10.6752861328125,-31.33794403076172,15.652267456054688,-26.43548011779785
1789061768612246300,10.685246337890625,-31.253150939941406,15.725318908691406,-26.25958251953125
1789061768622207200,10.695207275390626,-31.31116485595703,15.867408752441406,-26.077730178833008
1789061768632167200,10.705167236328125,-31.23090362548828,15.882453918457031,-26.26838493347168
1789061768642128100,10.715128173828125,-31.173065185546875,15.854888916015625,-26.522552490234375
1789061768652089000,10.725089111328124,-30.804359436035156,15.853462219238281,-26.843992233276367
1789061768662049300,10.73504931640625,-30.504974365234375,15.776893615722656,-27.04290199279785
1789061768672010200,10.74501025390625,-30.3309326171875,15.6513671875,-27.468341827392578
1789061768681970200,10.75497021484375,-30.112457275390625,15.441749572753906,-27.702451705932617
1789061768691931100,10.76493115234375,-30.01922607421875,15.339897155761719,-27.903806686401367
1789061768701892000,10.77489208984375,-30.266616821289062,15.241912841796875,-28.029438018798828
1789061768711852000,10.78485205078125,-30.223289489746094,15.134994506835938,-28.203521728515625
1789061768721813200,10.794813232421875,-30.28807830810547,15.092948913574219,-28.06297492980957
1789061768731773200,10.804773193359376,-30.326194763183594,15.036613464355469,-28.031259536743164
1789061768741734100,10.814734130859375,-30.667236328125,15.080108642578125,-27.843461990356445
1789061768751695000,10.824695068359375,-30.81915283203125,15.113479614257812,-27.750017166137695
1789061768761655000,10.834655029296876,-30.691184997558594,15.329925537109375,-27.65577507019043
1789061768771616300,10.8446162109375,-30.64057159423828,15.398719787597656,-27.62607192993164
1789061768781576200,10.854576171875,-30.60528564453125,15.468696594238281,-27.57028579711914
1789061768791537400,10.864537353515624,-30.60472869873047,15.382949829101562,-27.52162742614746
1789061768801497300,10.874497314453125,-30.89751434326172,15.473663330078125,-27.417327880859375
1789061768811458000,10.8844580078125,-30.625877380371094,15.445640563964844,-27.357921600341797
1789061768821419300,10.894419189453124,-30.74341583251953,15.571258544921875,-27.13628387451172
1789061768831379200,10.904379150390625,-30.822723388671875,15.555374145507812,-27.117916107177734
1789061768841340400,10.91434033203125,-30.780906677246094,15.693885803222656,-27.15336036682129
1789061768851300400,10.92430029296875,-30.693878173828125,15.693778991699219,-27.234729766845703
1789061768861261000,10.934260986328125,-30.655128479003906,15.742134094238281,-27.225194931030273
1789061768871222300,10.94422216796875,-30.56763458251953,15.856575012207031,-27.389375686645508
1789061768881182200,10.95418212890625,-30.4613037109375,15.880020141601562,-27.52511215209961
1789061768891143200,10.96414306640625,-30.45702362060547,15.896484375,-27.470542907714844
1789061768901103400,10.974103271484376,-30.299972534179688,15.914939880371094,-27.490205764770508
1789061768911064000,10.98406396484375,-30.344703674316406,15.900733947753906,-27.467082977294922
1789061768921025300,10.994025390625,-30.417388916015625,15.869827270507812,-27.376731872558594
1789061768930985200,11.003985107421874,-30.443763732910156,15.914344787597656,-27.4414119720459
1789061768940946200,11.0139462890625,-30.420867919921875,15.871322631835938,-27.388954162597656
1789061768950906400,11.02390625,-30.159637451171875,15.801734924316406,-27.545940399169922
1789061768960867000,11.0338671875,-30.4005126953125,15.698135375976562,-27.6242733001709
1789061768970827000,11.043826904296875,-30.096939086914062,15.620597839355469,-27.853633880615234
1789061768980788200,11.053788330078126,-30.079574584960938,15.44482421875,-28.117755889892578
1789061768990749200,11.063749267578125,-29.702423095703125,15.2584228515625,-28.534177780151367
1789061769000709400,11.07370947265625,-29.307205200195312,14.981781005859375,-28.86159324645996
1789061769010670000,11.083670166015626,-29.32209014892578,14.896896362304688,-29.245887756347656
1789061769020630000,11.093630126953125,-29.275718688964844,14.8905029296875,-29.154743194580078
1789061769030591200,11.10359130859375,-29.19336700439453,14.947700500488281,-29.069725036621094
1789061769040552200,11.11355224609375,-29.85619354248047,15.213287353515625,-28.418869018554688
1789061769050512100,11.12351220703125,-30.1826171875,15.490020751953125,-27.884231567382812
1789061769060473000,11.13347314453125,-30.909561157226562,15.797454833984375,-27.148509979248047
1789061769070433000,11.14343310546875,-31.329078674316406,15.800163269042969,-26.758625030517578
1789061769080394200,11.153394287109375,-31.442886352539062,15.887725830078125,-26.36202621459961
1789061769090355200,11.163355224609376,-31.535926818847656,15.747116088867188,-26.581714630126953
1789061769100315100,11.173315185546874,-31.254310607910156,15.625679016113281,-26.98883819580078
1789061769110276000,11.183276123046875,-30.811691284179688,15.468559265136719,-27.493864059448242
1789061769120236000,11.193236083984376,-30.788330078125,15.346534729003906,-27.958419799804688
1789061769130197200,11.203197265625,-30.096176147460938,15.228851318359375,-28.573101043701172
1789061769140158200,11.213158203125,-29.722793579101562,15.198799133300781,-28.958375930786133
1789061769150118100,11.2231181640625,-29.73076629638672,15.050910949707031,-29.33728790283203
1789061769160079400,11.233079345703125,-29.73754119873047,14.881629943847656,-29.5406494140625
1789061769170039300,11.243039306640625,-29.753997802734375,14.779556274414062,-29.382762908935547
1789061769180000300,11.253000244140624,-29.980758666992188,14.647056579589844,-29.069129943847656
1789061769189960200,11.262960205078125,-30.286941528320312,14.686164855957031,-28.768993377685547
1789061769199921200,11.272921142578125,-30.765663146972656,14.658149719238281,-28.348960876464844
1789061769209882400,11.28288232421875,-30.910247802734375,14.478805541992188,-28.077880859375
1789061769219842300,11.29284228515625,-31.387672424316406,14.476188659667969,-27.713104248046875
1789061769229803000,11.302802978515626,-31.533607482910156,14.3509521484375,-27.464277267456055
1789061769239763200,11.31276318359375,-31.934432983398438,14.120162963867188,-27.29233169555664
1789061769249724200,11.32272412109375,-31.788238525390625,13.823097229003906,-27.405607223510742
1789061769259685400,11.332685302734374,-31.77532196044922,13.747802734375,-27.662355422973633
1789061769269645300,11.342645263671875,-31.675582885742188,13.583518981933594,-27.821348190307617
1789061769279606000,11.35260595703125,-31.678794860839844,13.397438049316406,-27.985485076904297
1789061769289566200,11.362566162109376,-31.28539276123047,13.292564392089844,-28.28809356689453
1789061769299527200,11.372527099609375,-31.341720581054688,13.257919311523438,-28.40410614013672
1789061769309488400,11.38248828125,-31.048019409179688,13.065467834472656,-28.62743377685547
1789061769319448300,11.3924482421875,-31.076011657714844,12.891860961914062,-28.86421012878418
1789061769329409000,11.402408935546875,-30.793899536132812,12.750930786132812,-29.064098358154297
1789061769339369200,11.412369140625,-30.70264434814453,12.542213439941406,-29.18231201171875
1789061769349330200,11.422330078125,-30.86907958984375,12.43304443359375,-29.32437515258789
1789061769359291100,11.432291015625,-30.629432678222656,12.533157348632812,-29.35019302368164
1789061769369251300,11.442251220703126,-30.58002471923828,12.575180053710938,-29.320751190185547
1789061769379212000,11.4522119140625,-30.62799072265625,12.492401123046875,-29.41822624206543
1789061769389172000,11.462171875,-30.84587860107422,12.584625244140625,-29.426807403564453
1789061769399133200,11.47213330078125,-30.692031860351562,12.534660339355469,-29.42859649658203
1789061769409093000,11.482093017578125,-30.72895050048828,12.463134765625,-29.46894073486328
1789061769419054300,11.492054443359375,-30.701187133789062,12.335197448730469,-29.60834503173828
1789061769429015000,11.50201513671875,-30.600486755371094,12.230331420898438,-29.582210540771484
1789061769438975000,11.51197509765625,-30.554840087890625,12.184410095214844,-29.590469360351562
1789061769448936200,11.521936279296876,-30.784751892089844,12.096107482910156,-29.708953857421875
1789061769458896100,11.531896240234374,-30.62493896484375,11.9345703125,-29.58382797241211
1789061769468857300,11.541857421875,-30.803634643554688,11.764228820800781,-29.722488403320312
1789061769478818300,11.551818359375,-30.755142211914062,11.856536865234375,-29.709041595458984
1789061769488778200,11.5617783203125,-30.92028045654297,11.64312744140625,-29.65752410888672
1789061769498739200,11.5717392578125,-31.03479766845703,11.659370422363281,-29.645917892456055
1789061769508699100,11.58169921875,-31.085922241210938,11.5577392578125,-29.55963134765625
1789061769518660000,11.59166015625,-31.256080627441406,11.465126037597656,-29.334796905517578
1789061769528621300,11.601621337890625,-31.56946563720703,11.415199279785156,-29.10232925415039
1789061769538581200,11.611581298828124,-31.64704132080078,11.427139282226562,-28.84311866760254
1789061769548542200,11.621542236328125,-31.792312622070312,11.341529846191406,-28.72207260131836
1789061769558502100,11.631502197265625,-31.818748474121094,11.299224853515625,-28.52654266357422
1789061769568463000,11.641463134765624,-31.923141479492188,11.284049987792969,-28.471603393554688
1789061769578424300,11.65142431640625,-31.935470581054688,11.14935302734375,-28.321218490600586
1789061769588384300,11.66138427734375,-32.23146057128906,10.961051940917969,-28.268802642822266
1789061769598345000,11.671344970703124,-32.30250549316406,10.728012084960938,-28.42081069946289
1789061769608305200,11.68130517578125,-32.25769805908203,10.424209594726562,-28.528379440307617
1789061769618266000,11.69126611328125,-32.061988830566406,10.031845092773438,-28.625308990478516
1789061769628227300,11.701227294921875,-32.08307647705078,9.685211181640625,-28.828197479248047
1789061769638187300,11.711187255859375,-32.422119140625,9.634773254394531,-28.784536361694336
1789061769648148000,11.72114794921875,-32.473114013671875,9.791458129882812,-28.769304275512695
1789061769658108200,11.731108154296875,-32.35503387451172,10.130523681640625,-28.49868392944336
1789061769668069000,11.741069091796875,-32.510498046875,10.634735107421875,-28.272266387939453
1789061769678030300,11.7510302734375,-32.49391174316406,11.145240783691406,-28.102630615234375
1789061769687990300,11.760990234375,-32.48528289794922,11.802871704101562,-27.879810333251953
1789061769697951000,11.770950927734376,-32.62914276123047,12.274169921875,-27.741138458251953
1789061769707911200,11.7809111328125,-32.35490417480469,12.692031860351562,-27.583724975585938
1789061769717872000,11.7908720703125,-32.26355743408203,12.972793579101562,-27.746129989624023
1789061769727832000,11.80083203125,-31.465087890625,12.8687744140625,-28.497303009033203
1789061769737793300,11.810793212890625,-31.330917358398438,12.809402465820312,-28.8311767578125
1789061769747754000,11.82075390625,-31.196876525878906,12.922927856445312,-29.02291488647461
1789061769757714000,11.8307138671875,-31.198890686035156,12.934806823730469,-29.122995376586914
1789061769767675100,11.840675048828125,-30.836929321289062,12.933334350585938,-29.194040298461914
1789061769777635000,11.850635009765625,-31.00212860107422,13.097419738769531,-29.16388702392578
1789061769787596300,11.86059619140625,-31.186126708984375,13.210693359375,-29.032455444335938
1789061769797557000,11.870556884765625,-31.05103302001953,13.327835083007812,-28.713886260986328
1789061769807517000,11.880516845703125,-31.484146118164062,13.6058349609375,-28.463014602661133
1789061769817478100,11.89047802734375,-31.585006713867188,13.686103820800781,-28.107284545898438
1789061769827438000,11.90043798828125,-31.818954467773438,13.814254760742188,-27.769306182861328
1789061769837399300,11.9103994140625,-31.863616943359375,13.840553283691406,-27.386276245117188
1789061769847360300,11.9203603515625,-31.9873046875,13.924789428710938,-27.1801700592041
1789061769857320200,11.9303203125,-32.222564697265625,14.029167175292969,-26.976179122924805
1789061769867281200,11.94028125,-32.145057678222656,14.217361450195312,-26.94858741760254
1789061769877241000,11.950240966796875,-32.130950927734375,14.383735656738281,-26.867618560791016
1789061769887202300,11.960202392578125,-31.809341430664062,14.488304138183594,-27.004854202270508
1789061769897163300,11.970163330078124,-31.7252197265625,14.783050537109375,-27.156030654907227
1789061769907123200,11.980123291015625,-31.539749145507812,14.922317504882812,-27.29425621032715
1789061769917084200,11.990084228515625,-31.311180114746094,15.115409851074219,-27.448060989379883
1789061769927044000,12.000044189453124,-31.307899475097656,15.100753784179688,-27.54679298400879
1789061769937005000,12.010005126953125,-31.21393585205078,15.046340942382812,-27.545167922973633
1789061769946966300,12.01996630859375,-31.076438903808594,14.990470886230469,-27.561744689941406
1789061769956926200,12.02992626953125,-31.044456481933594,15.007492065429688,-27.64569091796875
1789061769966887200,12.03988720703125,-30.828262329101562,15.087142944335938,-27.764902114868164
1789061769976847000,12.04984716796875,-30.835601806640625,15.104255676269531,-27.69011688232422
1789061769986808000,12.05980810546875,-30.468536376953125,15.049957275390625,-27.78175926208496
1789061769996768300,12.069768310546875,-30.67821502685547,15.219863891601562,-27.843482971191406
1789061770006729200,12.079729248046876,-30.381668090820312,15.080215454101562,-27.963134765625
1789061770016690200,12.089690185546875,-30.55389404296875,15.253639221191406,-27.86478042602539
1789061770026650000,12.099650146484375,-30.464736938476562,15.1822509765625,-28.09634780883789
1789061770036611000,12.109611083984374,-30.182235717773438,15.143096923828125,-28.07882308959961
1789061770046571300,12.1195712890625,-30.024017333984375,15.119316101074219,-28.220924377441406
1789061770056532200,12.1295322265625,-30.281822204589844,15.150779724121094,-28.27536392211914
1789061770066493000,12.139492919921874,-30.241981506347656,15.10321044921875,-28.342971801757812
1789061770076453000,12.149453125,-30.229454040527344,15.125816345214844,-28.381023406982422
1789061770086414000,12.1594140625,-30.13880157470703,14.973541259765625,-28.48401641845703
1789061770096374000,12.1693740234375,-30.229652404785156,14.962516784667969,-28.53702735900879
1789061770106335200,12.179335205078125,-30.24793243408203,14.830337524414062,-28.58546257019043
1789061770116296000,12.1892958984375,-30.183258056640625,14.877174377441406,-28.66917610168457
1789061770126256000,12.199256103515625,-30.2747802734375,14.805671691894531,-28.714811325073242
1789061770136217000,12.209217041015625,-30.14990997314453,14.757987976074219,-28.776222229003906
1789061770146177000,12.219177001953126,-30.245361328125,14.599830627441406,-28.695621490478516
1789061770156138200,12.22913818359375,-30.263328552246094,14.618865966796875,-28.7386474609375
1789061770166099000,12.239098876953125,-30.443450927734375,14.60711669921875,-28.847553253173828
1789061770176059100,12.24905908203125,-30.46221923828125,14.525833129882812,-28.78851318359375
1789061770186020000,12.25902001953125,-30.26378631591797,14.439659118652344,-28.78722381591797
1789061770195980000,12.26897998046875,-30.26319122314453,14.389862060546875,-29.058666229248047
1789061770205941200,12.278941162109374,-30.088897705078125,14.347282409667969,-29.183496475219727
1789061770215902200,12.288902099609375,-30.027252197265625,14.230064392089844,-29.422466278076172
1789061770225862100,12.298862060546876,-29.761505126953125,13.913902282714844,-29.603185653686523
1789061770235823000,12.308822998046875,-30.00237274169922,13.801948547363281,-29.51656723022461
1789061770245783000,12.318782958984375,-30.138755798339844,13.72406005859375,-29.297870635986328
1789061770255744300,12.328744140625,-30.60649871826172,13.888359069824219,-28.783039093017578
1789061770265705200,12.338705322265625,-31.078407287597656,14.373115539550781,-27.867219924926758
1789061770275665200,12.3486650390625,-31.789833068847656,14.866340637207031,-26.88429069519043
1789061770285626000,12.358626220703124,-32.33892059326172,15.297836303710938,-25.918306350708008
1789061770295586000,12.3685859375,-32.62257385253906,15.631820678710938,-25.321224212646484
1789061770305547300,12.37854736328125,-32.620849609375,15.807136535644531,-25.34313201904297
1789061770315508200,12.38850830078125,-32.21692657470703,15.906471252441406,-25.77713394165039
1789061770325468200,12.39846826171875,-31.627029418945312,15.8883056640625,-26.387353897094727
1789061770335429000,12.40842919921875,-31.023033142089844,15.911369323730469,-27.136608123779297
1789061770345389000,12.41838916015625,-30.473419189453125,15.842414855957031,-27.957534790039062
1789061770355350300,12.428350341796875,-29.97502899169922,15.850173950195312,-28.44472312927246
1789061770365311200,12.438311279296874,-30.098587036132812,15.897285461425781,-28.827207565307617
1789061770375271200,12.448271240234375,-29.937942504882812,15.989433288574219,-29.058433532714844
1789061770385232100,12.458232177734375,-29.824989318847656,15.926231384277344,-28.910999298095703
1789061770395192000,12.468192138671874,-29.916358947753906,15.865699768066406,-28.956661224365234
1789061770405153000,12.478153076171875,-29.85875701904297,15.670661926269531,-28.925872802734375
1789061770415114200,12.4881142578125,-29.950889587402344,15.53900146484375,-28.842334747314453
1789061770425074200,12.49807421875,-30.244216918945312,15.338340759277344,-28.7895450592041
1789061770435035100,12.50803515625,-30.462020874023438,15.121925354003906,-28.641475677490234
1789061770444995000,12.5179951171875,-30.481719970703125,14.955726623535156,-28.668127059936523
1789061770454956000,12.5279560546875,-30.52674102783203,14.748588562011719,-28.625587463378906
1789061770464916200,12.537916259765625,-30.70538330078125,14.522232055664062,-28.639196395874023
1789061770474877200,12.547877197265626,-30.804519653320312,14.373329162597656,-28.596359252929688
1789061770484838100,12.557838134765625,-30.891769409179688,14.249382019042969,-28.533409118652344
1789061770494798000,12.567798095703125,-31.0577392578125,14.244400024414062,-28.613126754760742
1789061770504759000,12.577759033203124,-30.88164520263672,14.114250183105469,-28.45663070678711
1789061770514719200,12.58771923828125,-30.934913635253906,14.123863220214844,-28.522079467773438
1789061770524680200,12.59768017578125,-31.035491943359375,13.943527221679688,-28.441329956054688
1789061770534641200,12.60764111328125,-31.34117889404297,13.990867614746094,-28.46894073486328
1789061770544601000,12.61760107421875,-31.37555694580078,14.019012451171875,-28.5402774810791
1789061770554562000,12.62756201171875,-30.97601318359375,13.942939758300781,-28.62298583984375
1789061770564522000,12.63752197265625,-30.956573486328125,13.753761291503906,-28.68115234375
1789061770574483200,12.647483154296875,-30.930564880371094,13.735092163085938,-28.82938575744629
1789061770584444200,12.657444091796876,-30.665733337402344,13.761497497558594,-28.850627899169922
1789061770594404000,12.667404052734375,-30.7109375,13.973854064941406,-28.99496841430664
1789061770604365000,12.677364990234375,-30.742599487304688,13.868598937988281,-28.980113983154297
1789061770614325200,12.6873251953125,-30.85253143310547,13.873931884765625,-28.891254425048828
1789061770624286200,12.6972861328125,-30.677780151367188,13.916191101074219,-28.89017677307129
1789061770634247400,12.707247314453125,-30.871978759765625,13.924270629882812,-28.908721923828125
1789061770644207400,12.717207275390624,-30.961158752441406,13.772956848144531,-28.845905303955078
1789061770654168000,12.72716796875,-30.67090606689453,13.800468444824219,-28.783382415771484
1789061770664128300,12.737128173828125,-31.021034240722656,13.695022583007812,-28.587055206298828
1789061770674089200,12.747089111328124,-30.994247436523438,13.677276611328125,-28.7420654296875
1789061770684050200,12.75705029296875,-30.92040252685547,13.557464599609375,-28.68812370300293
1789061770694010400,12.76701025390625,-31.14415740966797,13.446800231933594,-28.633943557739258
1789061770703971000,12.77697119140625,-31.054931640625,13.315475463867188,-28.50725555419922
1789061770713931000,12.786930908203125,-31.15021514892578,13.211380004882812,-28.482257843017578
1789061770723892200,12.796892333984376,-31.551467895507812,13.057418823242188,-28.414405822753906
1789061770733853200,12.806853271484375,-31.380569458007812,12.885108947753906,-28.280391693115234
1789061770743813400,12.8168134765625,-31.59326934814453,12.92669677734375,-28.040325164794922
1789061770753774000,12.826774169921874,-31.998512268066406,12.914566040039062,-27.88886070251465
1789061770763734000,12.836734130859375,-32.26734924316406,12.9140625,-27.59389305114746
1789061770773695200,12.8466953125,-32.294212341308594,12.930381774902344,-27.422931671142578
1789061770783656200,12.85665625,-32.57598114013672,12.885421752929688,-27.32315444946289
1789061770793616400,12.866616455078125,-32.64021301269531,12.954322814941406,-27.17620849609375
1789061770803577000,12.8765771484375,-32.79985809326172,12.933815002441406,-26.899005889892578
1789061770813537000,12.886537109375,-33.04883575439453,12.916717529296875,-26.62908172607422
1789061770823498200,12.896498291015625,-32.84602355957031,12.720962524414062,-26.552913665771484
1789061770833459200,12.906459228515626,-32.90039825439453,12.631011962890625,-26.415748596191406
1789061770843419100,12.916419189453125,-33.21107482910156,12.536178588867188,-26.30232810974121
1789061770853380000,12.926380126953125,-32.98820495605469,12.426673889160156,-26.369144439697266
1789061770863340000,12.936340087890626,-33.21680450439453,12.308364868164062,-26.261981964111328
1789061770873301200,12.94630126953125,-33.05796813964844,12.172676086425781,-26.158334732055664
1789061770883262200,12.95626220703125,-33.453582763671875,12.40948486328125,-25.96179962158203
1789061770893222100,12.96622216796875,-33.46851348876953,12.618499755859375,-25.558547973632812
1789061770903183000,12.97618310546875,-33.92144012451172,13.116653442382812,-24.932573318481445
1789061770913143000,12.98614306640625,-34.11378479003906,13.637130737304688,-24.547094345092773
1789061770923104300,12.996104248046874,-34.04138946533203,14.037269592285156,-24.084150314331055
1789061770933065200,13.006065185546875,-33.83634948730469,14.584236145019531,-24.06122589111328
1789061770943025200,13.016025146484376,-33.821556091308594,15.145187377929688,-24.07564926147461
1789061770952986400,13.025986328125,-33.427955627441406,15.428611755371094,-24.41838836669922
1789061770962946300,13.0359462890625,-33.25165557861328,15.656005859375,-24.692663192749023
1789061770972907300,13.0459072265625,-32.91925811767578,15.608665466308594,-25.139476776123047
1789061770982868200,13.0558681640625,-32.73590850830078,15.562171936035156,-25.433605194091797
1789061770992828200,13.065828125,-32.48772430419922,15.526596069335938,-25.763338088989258
1789061771002789400,13.075789306640624,-32.47163391113281,15.421104431152344,-26.04253387451172
1789061771012749300,13.085749267578125,-32.229698181152344,15.218292236328125,-26.18059539794922
1789061771022710000,13.0957099609375,-32.47618103027344,15.034492492675781,-26.22173309326172
1789061771032671200,13.105671142578124,-32.363983154296875,14.904052734375,-26.061885833740234
1789061771042631200,13.115631103515625,-32.665802001953125,14.875823974609375,-26.168045043945312
1789061771052592400,13.12559228515625,-32.66064453125,14.713447570800781,-26.002668380737305
1789061771062552300,13.13555224609375,-32.564239501953125,14.772636413574219,-25.927642822265625
1789061771072513000,13.145512939453125,-32.66338348388672,14.727157592773438,-25.834890365600586
1789061771082473200,13.15547314453125,-32.986717224121094,14.717269897460938,-25.413604736328125
1789061771092434200,13.16543408203125,-32.96440124511719,14.73919677734375,-25.19455337524414
1789061771102395400,13.1753955078125,-33.426292419433594,14.8431396484375,-25.035144805908203
1789061771112355300,13.185355224609374,-33.70201110839844,14.731163024902344,-24.833721160888672
1789061771122316000,13.19531591796875,-33.845115661621094,14.732131958007812,-24.758283615112305
1789061771132277200,13.20527734375,-33.80138397216797,14.696754455566406,-24.619029998779297
1789061771142237200,13.2152373046875,-33.71373748779297,14.849159240722656,-24.61324691772461
1789061771152198100,13.2251982421875,-33.606605529785156,14.728683471679688,-24.67892074584961
1789061771162158300,13.235158447265626,-33.521522521972656,14.88006591796875,-24.80074691772461
1789061771172119000,13.245119140625,-33.35779571533203,14.8385009765625,-24.887422561645508
1789061771182079000,13.255078857421875,-33.35014343261719,14.825798034667969,-25.052295684814453
1789061771192040200,13.265040283203126,-33.19122314453125,14.730361938476562,-25.244380950927734
1789061771202001200,13.275001220703125,-33.080772399902344,14.682365417480469,-25.359601974487305
1789061771211961300,13.28496142578125,-32.989036560058594,14.56341552734375,-25.525711059570312
1789061771221922000,13.294922119140624,-32.94426727294922,14.30352783203125,-25.673437118530273
1789061771231882000,13.304882080078125,-32.867225646972656,14.318077087402344,-25.788280487060547
1789061771241843200,13.31484326171875,-32.86021423339844,14.208908081054688,-25.894256591796875
1789061771251804200,13.32480419921875,-32.803070068359375,14.241127014160156,-25.942279815673828
1789061771261764400,13.334764404296875,-32.74773406982422,14.154327392578125,-25.9023494720459
1789061771271725000,13.34472509765625,-32.65741729736328,14.061149597167969,-26.039451599121094
1789061771281685000,13.35468505859375,-32.766990661621094,14.127700805664062,-25.926589965820312
1789061771291646200,13.364646240234375,-32.53749084472656,13.972091674804688,-26.096675872802734
1789061771301607200,13.374607177734376,-32.59840393066406,14.111747741699219,-26.151718139648438
1789061771311567400,13.3845673828125,-32.547027587890625,14.132606506347656,-26.115392684936523
1789061771321528300,13.3945283203125,-32.602882385253906,14.110069274902344,-26.088985443115234
1789061771331488300,13.40448828125,-32.687713623046875,14.003028869628906,-25.96957015991211
1789061771341449200,13.41444921875,-32.45264434814453,13.985786437988281,-26.057722091674805
1789061771351410200,13.42441015625,-32.46668243408203,13.936920166015625,-26.19202423095703
1789061771361370000,13.4343701171875,-32.84754943847656,13.982887268066406,-26.342302322387695
1789061771371331300,13.444331298828125,-32.633216857910156,13.837623596191406,-26.563209533691406
1789061771381291300,13.454291259765625,-32.384918212890625,13.86480712890625,-26.60800552368164
1789061771391252200,13.464252197265624,-32.392372131347656,13.686187744140625,-26.787883758544922
1789061771401213200,13.474213134765625,-32.608642578125,13.584274291992188,-26.76251220703125
1789061771411173000,13.484173095703126,-32.45654296875,13.44061279296875,-26.914043426513672
1789061771421134300,13.49413427734375,-32.563255310058594,13.324867248535156,-27.07727813720703
1789061771431094300,13.50409423828125,-32.57380676269531,13.026481628417969,-27.153942108154297
1789061771441055200,13.51405517578125,-32.4554443359375,12.77044677734375,-27.201303482055664
1789061771451016200,13.52401611328125,-32.547698974609375,12.573951721191406,-27.401260375976562
1789061771460976000,13.53397607421875,-32.548362731933594,12.077713012695312,-27.443435668945312
1789061771470937300,13.543937255859374,-32.26945495605469,11.636390686035156,-27.81137466430664
1789061771480897300,13.553897216796875,-32.142433166503906,11.317985534667969,-28.007728576660156
1789061771490858000,13.56385791015625,-32.01898956298828,10.808982849121094,-28.23615264892578
1789061771500819200,13.573819091796874,-32.099143981933594,10.344573974609375,-28.644742965698242
1789061771510779100,13.583779052734375,-31.793914794921875,9.963737487792969,-29.191909790039062
1789061771520740400,13.593740234375,-31.338241577148438,9.373443603515625,-29.763591766357422
1789061771530700300,13.6037001953125,-31.08592987060547,8.750541687011719,-30.25436019897461
1789061771540661000,13.613660888671875,-30.84149169921875,8.349647521972656,-30.647354125976562
1789061771550622200,13.623622314453126,-30.869461059570312,8.001258850097656,-30.659055709838867
1789061771560582100,13.63358203125,-31.46900177001953,7.877433776855469,-30.446430206298828
1789061771570543400,13.64354345703125,-31.995155334472656,7.662528991699219,-29.789737701416016
1789061771580503300,13.65350341796875,-32.8720703125,7.626304626464844,-28.759586334228516
1789061771590464000,13.663464111328125,-34.44434356689453,7.337516784667969,-26.996864318847656
1789061771600425000,13.673425048828125,-34.823760986328125,7.186164855957031,-26.412511825561523
1789061771610385200,13.68338525390625,-35.09404754638672,6.9984130859375,-26.35341453552246
1789061771620346000,13.69334619140625,-34.9361572265625,6.639854431152344,-26.331138610839844
1789061771630306000,13.70330615234375,-34.88880157470703,6.239898681640625,-26.55862045288086
1789061771640267000,13.71326708984375,-35.012969970703125,5.994804382324219,-26.80849838256836
1789061771650228000,13.72322802734375,-34.9197998046875,5.6405792236328125,-26.91044044494629
1789061771660188000,13.73318798828125,-34.840049743652344,5.29052734375,-27.12354278564453
1789061771670149000,13.743149169921875,-34.84489440917969,5.178611755371094,-27.271709442138672
1789061771680109000,13.753109130859375,-34.74223327636719,4.83941650390625,-27.704071044921875
1789061771690070300,13.7630703125,-34.423194885253906,4.53253173828125,-28.025150299072266
1789061771700031000,13.773031005859375,-33.940208435058594,4.09130859375,-28.34369468688965
1789061771709991000,13.782990966796875,-33.784767150878906,3.6918487548828125,-28.675479888916016
1789061771719952100,13.7929521484375,-33.670562744140625,3.0669937133789062,-29.08196449279785
1789061771729912000,13.802912109375,-33.61933135986328,2.443756103515625,-29.50971221923828
1789061771739873300,13.812873291015626,-33.22584533691406,1.8124465942382812,-29.690391540527344
1789061771749834000,13.822833984375,-33.14653015136719,1.1483154296875,-29.922168731689453
1789061771759794000,13.8327939453125,-33.32057189941406,0.6208953857421875,-29.992450714111328
1789061771769755100,13.842755126953126,-33.443878173828125,0.22948455810546875,-29.95103645324707
1789061771779715000,13.852715087890624,-33.55670928955078,-0.26007080078125,-29.738948822021484
1789061771789676000,13.862676025390625,-33.56779479980469,-0.6237106323242188,-29.56838035583496
1789061771799637000,13.872636962890626,-33.74946594238281,-1.0699234008789062,-29.531208038330078
1789061771809597000,13.882596923828125,-33.629478454589844,-1.53759765625,-29.42559242248535
1789061771819558100,13.89255810546875,-33.679405212402344,-1.9108505249023438,-29.27522850036621
1789061771829518000,13.90251806640625,-33.60319519042969,-2.3885498046875,-29.389068603515625
1789061771839479000,13.91247900390625,-33.527565002441406,-2.9015045166015625,-29.407764434814453
1789061771849440000,13.92243994140625,-33.41314697265625,-3.2881851196289062,-29.384780883789062
1789061771859400000,13.93239990234375,-33.282135009765625,-3.6102523803710938,-29.462827682495117
1789061771869361200,13.942361083984375,-33.26141357421875,-3.98834228515625,-29.544084548950195
1789061771879321000,13.952321044921876,-33.20280456542969,-4.4988250732421875,-29.700435638427734
1789061771889282000,13.962281982421874,-33.09174346923828,-4.8715362548828125,-29.665325164794922
1789061771899243000,13.972242919921875,-32.9378662109375,-5.567771911621094,-29.729930877685547
1789061771909203000,13.982202880859376,-32.75555419921875,-5.9934234619140625,-29.759323120117188
1789061771919164200,13.9921640625,-32.69740295410156,-6.547309875488281,-29.650943756103516
1789061771929124000,14.0021240234375,-32.58570861816406,-6.937042236328125,-29.715618133544922
1789061771939085000,14.0120849609375,-32.60601806640625,-7.420799255371094,-29.78470230102539
1789061771949046000,14.0220458984375,-32.311363220214844,-7.993309020996094,-29.820449829101562
1789061771959006000,14.032005859375,-32.204315185546875,-8.450340270996094,-29.754993438720703
1789061771968967000,14.041966796875,-31.911270141601562,-8.9642333984375,-29.872661590576172
1789061771978927000,14.051927001953125,-31.697357177734375,-9.39697265625,-29.92718505859375
1789061771988888000,14.06188818359375,-31.589889526367188,-9.997879028320312,-29.87619972229004
1789061771998849300,14.071849365234375,-31.564682006835938,-10.607833862304688,-29.676883697509766
1789061772008809200,14.081809326171875,-31.408851623535156,-11.133216857910156,-29.607803344726562
1789061772018770000,14.09177001953125,-31.27118682861328,-11.639785766601562,-29.649036407470703
1789061772028730000,14.101730224609375,-31.091468811035156,-12.214591979980469,-29.626497268676758
1789061772038691000,14.111691162109375,-30.883224487304688,-12.713546752929688,-29.492595672607422
1789061772048652300,14.12165234375,-30.675498962402344,-13.3504638671875,-29.368560791015625
1789061772058612200,14.1316123046875,-30.534744262695312,-13.807662963867188,-29.156139373779297
1789061772068573000,14.141572998046875,-30.218353271484375,-14.309959411621094,-29.035152435302734
1789061772078533000,14.151533203125,-30.704315185546875,-14.844329833984375,-28.828989028930664
1789061772088494000,14.161494140625,-30.41948699951172,-15.476783752441406,-28.61923599243164
1789061772098455000,14.171455078125,-30.355697631835938,-15.89178466796875,-28.39628028869629
1789061772108415200,14.181415283203124,-29.880409240722656,-16.47607421875,-28.271814346313477
1789061772118376000,14.1913759765625,-29.857154846191406,-16.80107879638672,-27.88456153869629
1789061772128336000,14.2013359375,-30.09162139892578,-17.13703155517578,-27.43147850036621
1789061772138297000,14.211297119140625,-30.076148986816406,-17.492958068847656,-27.177528381347656
1789061772148258000,14.221258056640625,-30.34180450439453,-17.83580780029297,-26.843605041503906
1789061772158218200,14.23121826171875,-30.480506896972656,-18.102523803710938,-26.43424415588379
1789061772168179000,14.241178955078125,-30.624923706054688,-18.438636779785156,-26.142438888549805
1789061772178139000,14.251138916015625,-30.734115600585938,-18.89153289794922,-25.9932918548584
1789061772188100000,14.26110009765625,-30.632179260253906,-19.371665954589844,-25.491619110107422
1789061772198061000,14.27106103515625,-30.52434539794922,-19.74718475341797,-25.30050277709961
1789061772208021200,14.281021240234375,-30.229812622070312,-20.13471221923828,-25.114723205566406
1789061772217982000,14.29098193359375,-30.276832580566406,-20.3760986328125,-24.959806442260742
1789061772227942000,14.30094189453125,-30.394004821777344,-20.798828125,-24.608352661132812
1789061772237903000,14.310903076171876,-30.558082580566406,-21.159683227539062,-24.21484375
1789061772247864000,14.320864013671875,-30.595565795898438,-21.425559997558594,-23.708120346069336
1789061772257824000,14.330823974609375,-31.085433959960938,-21.541229248046875,-23.3901424407959
1789061772267785000,14.340784912109376,-31.58094024658203,-21.536727905273438,-22.885684967041016
1789061772277745000,14.350744873046875,-31.698333740234375,-21.52581787109375,-22.433095932006836
1789061772287706000,14.3607060546875,-32.030006408691406,-21.48797607421875,-21.995859146118164
1789061772297667000,14.3706669921875,-32.11188507080078,-21.478240966796875,-21.73945426940918
1789061772307627000,14.380626953125,-31.949424743652344,-21.609649658203125,-21.721769332885742
1789061772317588000,14.390587890625,-31.820640563964844,-21.575485229492188,-21.89242935180664
1789061772327548000,14.4005478515625,-31.519302368164062,-21.843826293945312,-22.27231216430664
1789061772337509000,14.410509033203125,-31.10833740234375,-22.12726593017578,-22.653493881225586
1789061772347470000,14.420469970703126,-30.581390380859375,-22.3966064453125,-22.807981491088867
1789061772357430000,14.430429931640624,-30.467994689941406,-22.573822021484375,-22.998075485229492
1789061772367391200,14.44039111328125,-30.02326202392578,-22.854568481445312,-23.055143356323242
1789061772377351200,14.45035107421875,-30.087791442871094,-23.06134796142578,-23.03569984436035
1789061772387312000,14.46031201171875,-29.77960205078125,-23.411758422851562,-23.011226654052734
1789061772397273000,14.470273193359375,-29.73468017578125,-23.618614196777344,-22.723512649536133
1789061772407233000,14.48023291015625,-29.709640502929688,-23.929611206054688,-22.686279296875
1789061772417194200,14.4901943359375,-29.703956604003906,-24.076705932617188,-22.479358673095703
1789061772427154200,14.500154296875,-29.525634765625,-24.169288635253906,-22.361913681030273
1789061772437115000,14.510114990234374,-29.558937072753906,-24.471595764160156,-22.179943084716797
1789061772447076000,14.520076171875,-29.713470458984375,-24.623489379882812,-22.07834243774414
1789061772457036000,14.5300361328125,-29.67755889892578,-24.65253448486328,-21.919628143310547
1789061772466997200,14.539997314453124,-29.425994873046875,-24.699317932128906,-21.78792953491211
1789061772476957200,14.549957275390625,-29.388343811035156,-24.755714416503906,-21.7830753326416
1789061772486918000,14.55991796875,-29.428115844726562,-24.925254821777344,-21.704626083374023
1789061772496879000,14.569879150390625,-29.08374786376953,-24.99408721923828,-21.671350479125977
1789061772506839000,14.579839111328125,-29.239395141601562,-24.9818115234375,-21.73480987548828
1789061772516800300,14.58980029296875,-29.31024169921875,-24.973114013671875,-21.749235153198242
1789061772526760200,14.59976025390625,-29.388877868652344,-24.935508728027344,-21.632598876953125
1789061772536721000,14.609720947265625,-29.437828063964844,-24.93231201171875,-21.560619354248047
1789061772546682000,14.61968212890625,-29.29266357421875,-24.987884521484375,-21.604013442993164
1789061772556642000,14.62964208984375,-29.23206329345703,-25.1461181640625,-21.566686630249023
1789061772566603000,14.63960302734375,-29.42510986328125,-25.091163635253906,-21.436542510986328
1789061772576563200,14.649563232421874,-29.6552734375,-25.17119598388672,-21.435983657836914
1789061772586524000,14.65952392578125,-29.326873779296875,-25.444686889648438,-21.408916473388672
1789061772596485400,14.6694853515625,-29.31359100341797,-25.52838134765625,-21.28276252746582
1789061772606445300,14.6794453125,-29.012290954589844,-25.561141967773438,-21.35127067565918
1789061772616406500,14.689406494140625,-29.23694610595703,-25.530128479003906,-21.3958740234375
1789061772626366500,14.699366455078126,-29.112106323242188,-25.576309204101562,-21.659177780151367
1789061772636327400,14.709327392578125,-29.072647094726562,-25.631797790527344,-21.623844146728516
1789061772646288400,14.719288330078125,-29.054908752441406,-25.69574737548828,-21.651927947998047
1789061772656248300,14.729248291015624,-28.90306854248047,-25.662384033203125,-21.58809471130371
1789061772666209500,14.73920947265625,-29.030982971191406,-25.575653076171875,-21.603790283203125
1789061772676169500,14.74916943359375,-29.088096618652344,-25.59021759033203,-21.65644073486328
1789061772686130200,14.759130126953124,-28.944168090820312,-25.515724182128906,-21.59024429321289
1789061772696091400,14.76909130859375,-29.113014221191406,-25.49565887451172,-21.69468879699707
1789061772706051300,14.77905126953125,-29.11712646484375,-25.525169372558594,-21.717243194580078
1789061772716012500,14.789012451171875,-29.05982208251953,-25.42620086669922,-21.85716438293457
1789061772725972500,14.798972412109375,-29.131515502929688,-25.319374084472656,-21.7023983001709
1789061772735933200,14.80893310546875,-29.28253173828125,-25.280616760253906,-21.713443756103516
1789061772745894400,14.818894287109375,-29.05152130126953,-25.24396514892578,-21.570640563964844
1789061772755854300,14.828854248046875,-29.104408264160156,-25.349029541015625,-21.687559127807617
1789061772765815600,14.838815673828124,-29.039535522460938,-25.45831298828125,-21.785425186157227
1789061772775775500,14.848775390625,-28.944725036621094,-25.511825561523438,-21.850414276123047
1789061772785736400,14.858736328125,-28.931503295898438,-25.47034454345703,-21.870647430419922
1789061772795697400,14.868697509765624,-28.762451171875,-25.508384704589844,-21.939226150512695
1789061772805657300,14.8786572265625,-28.75878143310547,-25.446067810058594,-21.98431396484375
1789061772815618600,14.88861865234375,-28.49560546875,-25.705215454101562,-22.019763946533203
1789061772825578500,14.89857861328125,-28.331268310546875,-25.708908081054688,-22.060930252075195
1789061772835539500,14.90853955078125,-28.05950164794922,-25.887351989746094,-22.183324813842773
1789061772845500400,14.91850048828125,-28.143524169921875,-25.863311767578125,-22.201631546020508
1789061772855460400,14.92846044921875,-27.92717742919922,-26.01355743408203,-22.16269874572754
1789061772865421300,14.93842138671875,-27.665306091308594,-26.17888641357422,-22.205652236938477
1789061772875381500,14.948381591796876,-27.480995178222656,-26.289962768554688,-22.2681884765625
1789061772885342500,14.958342529296875,-27.21778106689453,-26.590652465820312,-22.402978897094727
1789061772895303400,14.968303466796876,-26.989967346191406,-26.807098388671875,-22.455171585083008
1789061772905263400,14.978263427734374,-27.14356231689453,-26.863449096679688,-22.415544509887695
1789061772915224300,14.988224365234375,-27.58757781982422,-26.77545928955078,-22.121835708618164
1789061772925185500,14.998185546875,-28.05303955078125,-26.685104370117188,-21.787004470825195
1789061772935145500,15.0081455078125,-28.500717163085938,-26.610687255859375,-21.398822784423828
1789061772945106400,15.0181064453125,-29.07819366455078,-26.422836303710938,-21.09295654296875
1789061772955066400,15.02806640625,-29.289627075195312,-26.29119873046875,-20.807065963745117
1789061772965027300,15.03802734375,-29.15892791748047,-26.481285095214844,-20.7559757232666
1789061772974987500,15.047987548828125,-29.070770263671875,-26.554542541503906,-20.78933334350586
1789061772984948500,15.057948486328126,-29.042205810546875,-26.59271240234375,-20.85886573791504
1789061772994909200,15.0679091796875,-28.762313842773438,-26.66802978515625,-21.15646743774414
1789061773004869400,15.077869384765625,-28.233680725097656,-26.732337951660156,-21.506895065307617
1789061773014830300,15.087830322265624,-27.814842224121094,-26.861183166503906,-21.55462646484375
1789061773024790300,15.097790283203125,-27.78850555419922,-26.86554718017578,-21.801607131958008
1789061773034751500,15.10775146484375,-27.55884552001953,-27.049606323242188,-21.72883415222168
1789061773044712200,15.117712158203124,-27.60455322265625,-27.09349822998047,-21.774545669555664
1789061773054672400,15.12767236328125,-27.41388702392578,-27.32433319091797,-21.73724365234375
1789061773064633300,15.13763330078125,-27.348793029785156,-27.383689880371094,-21.606508255004883
1789061773074594600,15.147594482421875,-27.186485290527344,-27.502975463867188,-21.638713836669922
1789061773084554500,15.157554443359375,-26.98492431640625,-27.668045043945312,-21.495962142944336
1789061773094515200,15.16751513671875,-27.04828643798828,-27.819595336914062,-21.471708297729492
1789061773104475400,15.177475341796875,-26.792404174804688,-28.08045196533203,-21.360612869262695
1789061773114436400,15.187436279296875,-26.56597137451172,-28.2532958984375,-21.20486831665039
1789061773124397300,15.197397216796874,-26.713623046875,-28.270095825195312,-21.284334182739258
1789061773134357500,15.207357421875,-26.488235473632812,-28.432907104492188,-21.192779541015625
1789061773144318500,15.217318359375,-26.2252197265625,-28.4990234375,-21.219982147216797
1789061773154278400,15.2272783203125,-26.394760131835938,-28.501914978027344,-21.173526763916016
1789061773164239400,15.2372392578125,-26.590492248535156,-28.556259155273438,-21.205780029296875
1789061773174200300,15.247200439453126,-26.382675170898438,-28.66002655029297,-21.256189346313477
1789061773184160500,15.257160400390624,-26.592498779296875,-28.49109649658203,-21.27649688720703
1789061773194121500,15.26712158203125,-26.620391845703125,-28.50677490234375,-21.226768493652344
1789061773204081400,15.277081298828126,-26.605308532714844,-28.539695739746094,-21.25015640258789
1789061773214042400,15.28704248046875,-26.235069274902344,-28.55126190185547,-21.316118240356445
1789061773224003300,15.29700341796875,-26.243438720703125,-28.50879669189453,-21.289852142333984
1789061773233963500,15.306963623046874,-26.271865844726562,-28.550743103027344,-21.26275062561035
1789061773243924500,15.316924560546875,-26.35919952392578,-28.634017944335938,-21.28107261657715
1789061773253884400,15.326884521484375,-26.352890014648438,-28.540061950683594,-21.367544174194336
1789061773263845400,15.336845458984374,-26.373092651367188,-28.505943298339844,-21.39099884033203
1789061773273806300,15.346806396484375,-26.351638793945312,-28.48846435546875,-21.338869094848633
1789061773283766500,15.3567666015625,-26.554168701171875,-28.3880615234375,-21.34817886352539
1789061773293727500,15.3667275390625,-26.419578552246094,-28.372451782226562,-21.242401123046875
1789061773303687400,15.3766875,-26.483505249023438,-28.298812866210938,-21.429075241088867
1789061773313648400,15.3866484375,-26.441307067871094,-28.383262634277344,-21.307777404785156
1789061773323609300,15.396609375,-26.631919860839844,-28.297622680664062,-21.41383171081543
1789061773333569300,15.4065693359375,-26.59246826171875,-28.256996154785156,-21.237812042236328
1789061773343530500,15.416530517578124,-26.96051788330078,-28.300003051757812,-21.25406265258789
1789061773353490400,15.426490478515625,-26.72521209716797,-28.202423095703125,-21.15805435180664
1789061773363451400,15.436451416015625,-26.774871826171875,-28.175392150878906,-21.189828872680664
1789061773373412400,15.446412353515624,-26.721641540527344,-28.230369567871094,-20.97274398803711
1789061773383372300,15.456372314453125,-27.030921936035156,-28.08031463623047,-21.017261505126953
1789061773393333500,15.46633349609375,-26.959823608398438,-28.151710510253906,-20.92757225036621
1789061773403293400,15.47629345703125,-27.140792846679688,-28.10205078125,-20.773990631103516
1789061773413254400,15.48625439453125,-27.2061767578125,-28.05907440185547,-20.652536392211914
1789061773423215400,15.49621533203125,-27.31664276123047,-28.0838623046875,-20.576160430908203
1789061773433175300,15.50617529296875,-27.190086364746094,-28.03948974609375,-20.44190216064453
1789061773443136500,15.516136474609375,-27.718246459960938,-27.96674346923828,-20.46645736694336
1789061773453096400,15.526096435546876,-27.376174926757812,-28.13018798828125,-20.380205154418945
1789061773463057200,15.53605712890625,-27.653793334960938,-28.074813842773438,-20.34268569946289
1789061773473018400,15.546018310546875,-27.57623291015625,-28.245872497558594,-20.26563262939453
1789061773482978300,15.555978271484374,-27.488555908203125,-28.24102783203125,-20.3211669921875
1789061773492939500,15.565939453125,-27.46253204345703,-28.321449279785156,-20.219419479370117
1789061773502899500,15.5758994140625,-27.41858673095703,-28.396743774414062,-20.052886962890625
1789061773512860400,15.5858603515625,-27.23584747314453,-28.545211791992188,-19.959566116333008
1789061773522821400,15.5958212890625,-27.23248291015625,-28.665023803710938,-19.81473159790039
1789061773532781300,15.60578125,-27.449325561523438,-28.743370056152344,-19.710819244384766
1789061773542742500,15.615742431640625,-27.273292541503906,-28.935325622558594,-19.614974975585938
1789061773552702500,15.625702392578125,-27.307708740234375,-29.149551391601562,-19.41594886779785
1789061773562663400,15.635663330078126,-27.444900512695312,-29.022972106933594,-19.229511260986328
1789061773572624400,15.645624267578125,-27.93157196044922,-28.723419189453125,-19.11471939086914
1789061773582584300,15.655584228515625,-28.448883056640625,-28.386375427246094,-18.88338851928711
1789061773592545000,15.665544921875,-28.448883056640625,-28.386375427246094,-18.88338851928711
1789061773602506000,15.675506103515625,-29.37396240234375,-27.388633728027344,-18.822956085205078
1789061773612466000,15.6854658203125,-29.733848571777344,-26.908248901367188,-19.054302215576172
1789061773622427000,15.695427001953124,-29.7109375,-26.556846618652344,-19.306379318237305
1789061773632386800,15.70538671875,-29.73279571533203,-26.389129638671875,-19.7969913482666
1789061773642348000,15.71534814453125,-29.561302185058594,-26.35314178466797,-20.17323875427246
1789061773652309000,15.72530908203125,-29.094451904296875,-26.420433044433594,-20.46369743347168
1789061773662269000,15.73526904296875,-28.652549743652344,-26.731552124023438,-20.702049255371094
1789061773672230000,15.74522998046875,-28.33051300048828,-26.941131591796875,-21.00579261779785
1789061773682189800,15.75518994140625,-27.918197631835938,-27.2740478515625,-20.95070457458496
1789061773692150800,15.76515087890625,-27.66301727294922,-27.4754638671875,-20.91533088684082
1789061773702112000,15.775112060546874,-27.42363739013672,-27.766220092773438,-20.877431869506836
1789061773712072000,15.785072021484375,-27.509597778320312,-27.97552490234375,-20.69257926940918
1789061773722033000,15.795032958984375,-27.531883239746094,-28.28575897216797,-20.441242218017578
1789061773731992800,15.804992919921874,-27.339500427246094,-28.52684783935547,-20.257526397705078
1789061773741953800,15.814953857421875,-27.379554748535156,-28.857261657714844,-20.01021385192871
1789061773751915000,15.8249150390625,-27.205726623535156,-28.945236206054688,-19.90159034729004
1789061773761875000,15.834875,-27.130752563476562,-28.944229125976562,-19.74709129333496
1789061773771836200,15.844836181640625,-26.981224060058594,-29.16832733154297,-19.76003646850586
1789061773781796000,15.854796142578126,-26.85863494873047,-29.327560424804688,-19.67085838317871
1789061773791756800,15.8647568359375,-26.879119873046875,-29.34991455078125,-19.746122360229492
1789061773801718000,15.874718017578125,-26.518463134765625,-29.49687957763672,-19.78040313720703
1789061773811678000,15.884677978515626,-26.39691162109375,-29.56633758544922,-19.823049545288086
1789061773821639000,15.894638916015625,-26.264755249023438,-29.65264129638672,-19.847379684448242
1789061773831599000,15.90459912109375,-26.0380859375,-29.720367431640625,-19.86226463317871
1789061773841559800,15.914559814453124,-25.95635986328125,-29.86075210571289,-19.71092987060547
1789061773851521000,15.92452099609375,-25.95635986328125,-29.86075210571289,-19.71092987060547
1789061773861481000,15.93448095703125,-25.8065185546875,-30.193206787109375,-19.54855728149414
1789061773871442000,15.94444189453125,-25.909011840820312,-30.406009674072266,-19.515661239624023
1789061773881402000,15.954402099609375,-25.628921508789062,-30.575176239013672,-19.24856185913086
1789061773891362800,15.96436279296875,-25.719009399414062,-30.658504486083984,-19.218421936035156
1789061773901324000,15.974323974609375,-25.562599182128906,-30.831607818603516,-18.998807907104492
1789061773911284000,15.984283935546875,-25.693191528320312,-30.93579864501953,-19.005626678466797
1789061773921245000,15.994244873046876,-25.574493408203125,-30.957778930664062,-18.911746978759766
1789061773931205000,16.004205078125,-25.161376953125,-31.13357925415039,-18.743478775024414
1789061773941165800,16.014165771484375,-25.267684936523438,-31.092140197753906,-18.651172637939453
1789061773951127000,16.024126953125,-25.393844604492188,-31.168384552001953,-18.497379302978516
1789061773961087000,16.0340869140625,-25.26556396484375,-31.361412048339844,-18.38149070739746
1789061773971048000,16.0440478515625,-25.328765869140625,-31.540435791015625,-18.195383071899414
1789061773981008100,16.054008056640626,-25.29168701171875,-31.552024841308594,-18.09238624572754
1789061773990968800,16.06396875,-25.090919494628906,-31.75381851196289,-17.97183609008789
1789061774000929800,16.0739296875,-25.235145568847656,-31.850765228271484,-17.98451042175293
1789061774010890000,16.083889892578124,-25.19562530517578,-31.897743225097656,-17.90924835205078
1789061774020851000,16.093850830078125,-25.07318115234375,-32.129695892333984,-17.8533878326416
1789061774030812000,16.10381201171875,-24.775001525878906,-32.22021484375,-17.754362106323242
1789061774040771800,16.113771728515626,-24.647911071777344,-32.4494743347168,-17.580854415893555
1789061774050732800,16.12373291015625,-24.52912139892578,-32.433082580566406,-17.364534378051758
1789061774060693000,16.13369287109375,-24.66065216064453,-32.699058532714844,-17.13806915283203
1789061774070654000,16.143654052734377,-24.574493408203125,-32.91898727416992,-16.8883113861084
1789061774080615200,16.153615234375,-24.51557159423828,-32.99803161621094,-16.71086311340332
1789061774090575000,16.1635751953125,-24.239723205566406,-33.09028244018555,-16.47182846069336
1789061774100535800,16.173535888671875,-24.278167724609375,-33.35391616821289,-16.37386703491211
1789061774110496000,16.18349609375,-24.260108947753906,-33.442726135253906,-16.106531143188477
1789061774120457000,16.19345703125,-24.3651123046875,-33.515682220458984,-15.922508239746094
1789061774130418000,16.20341796875,-24.350624084472656,-33.73766326904297,-15.458208084106445
1789061774140378000,16.213378173828126,-24.134796142578125,-33.81649398803711,-15.340690612792969
1789061774150338800,16.2233388671875,-24.09178924560547,-33.9434700012207,-15.10342788696289
1789061774160298800,16.233298828125,-24.33136749267578,-34.1055793762207,-14.754192352294922
1789061774170260000,16.243260009765624,-24.243873596191406,-34.34114456176758,-14.413925170898438
1789061774180221000,16.253220947265625,-24.32854461669922,-34.46498107910156,-14.006567001342773
1789061774190181000,16.26318115234375,-24.01708984375,-34.60158920288086,-13.52699089050293
1789061774200141800,16.273141845703126,-23.852920532226562,-34.95097351074219,-13.129497528076172
1789061774210101800,16.283101806640627,-23.602272033691406,-35.30919647216797,-12.68988037109375
1789061774220063000,16.29306298828125,-23.206092834472656,-35.61656951904297,-12.298959732055664
1789061774230024000,16.30302392578125,-22.96094512939453,-36.03211975097656,-11.72004508972168
1789061774239984000,16.312984130859373,-22.836143493652344,-36.40629577636719,-11.283586502075195
1789061774249944800,16.32294482421875,-22.28649139404297,-36.62571716308594,-10.64187240600586
1789061774259904800,16.33290478515625,-22.023094177246094,-37.011722564697266,-10.130867004394531
1789061774269866000,16.342865966796875,-21.431610107421875,-37.38759994506836,-9.434553146362305
1789061774279827000,16.352826904296876,-20.856704711914062,-37.73251724243164,-8.856571197509766
1789061774289787100,16.362787109375,-20.415298461914062,-38.222267150878906,-8.027599334716797
1789061774299747800,16.372747802734374,-20.497352600097656,-38.468299865722656,-7.4042510986328125
1789061774309707800,16.382707763671874,-20.706321716308594,-38.66505432128906,-6.369152069091797
1789061774319669000,16.3926689453125,-20.89745330810547,-38.80292510986328,-5.379871368408203
1789061774329630000,16.4026298828125,-20.861106872558594,-38.83211898803711,-4.125934600830078
1789061774339590000,16.41258984375,-20.803977966308594,-38.96778869628906,-3.098003387451172
1789061774349550800,16.42255078125,-20.723526000976562,-39.013389587402344,-1.7007102966308594
1789061774359511800,16.43251171875,-20.502960205078125,-39.25589370727539,-0.5998725891113281
1789061774369472000,16.442471923828126,-20.077178955078125,-39.23524475097656,0.2822303771972656
1789061774379433000,16.452432861328123,-19.821189880371094,-39.36680221557617,1.1360282897949219
1789061774389393000,16.462392822265624,-19.77680206298828,-39.381629943847656,1.9854583740234375
1789061774399353900,16.472353759765625,-19.35266876220703,-39.29144287109375,2.697742462158203
1789061774409314800,16.482314697265625,-19.183746337890625,-39.08395767211914,3.4343643188476562
1789061774419275000,16.49227490234375,-19.854843139648438,-38.97317123413086,4.00555419921875
1789061774429236000,16.502236083984375,-20.00664520263672,-38.69614791870117,4.748020172119141
1789061774439196000,16.51219580078125,-20.378822326660156,-38.5402946472168,5.294342041015625
1789061774449157000,16.5221572265625,-20.38805389404297,-38.39670181274414,5.774726867675781
1789061774459117800,16.532117919921873,-20.63481903076172,-38.292869567871094,6.330364227294922
1789061774469077800,16.542077880859374,-20.927696228027344,-38.08335876464844,6.819751739501953
1789061774479039000,16.5520390625,-20.999114990234375,-37.929405212402344,7.297931671142578
1789061774488999000,16.5619990234375,-21.042678833007812,-37.67155838012695,7.841400146484375
1789061774498960100,16.571960205078124,-20.955284118652344,-37.525848388671875,8.340076446533203
1789061774508920800,16.5819208984375,-20.98676300048828,-37.400299072265625,8.884384155273438
1789061774518880800,16.591880859375,-20.911392211914062,-37.22992706298828,9.63924789428711
1789061774528842000,16.601842041015626,-20.992218017578125,-37.06089401245117,10.260448455810547
1789061774538802000,16.611802001953127,-21.107925415039062,-36.94453811645508,10.983924865722656
1789061774548763100,16.62176318359375,-21.04766082763672,-36.79118728637695,11.497596740722656
1789061774558723800,16.631723876953124,-21.27497100830078,-36.610626220703125,12.101959228515625
1789061774568683800,16.641683837890625,-21.27196502685547,-36.392234802246094,12.716079711914062
1789061774578645000,16.65164501953125,-21.209564208984375,-36.20050811767578,13.282913208007812
1789061774588605000,16.66160498046875,-21.31102752685547,-35.966732025146484,13.87662124633789
1789061774598565600,16.671565673828123,-20.989639282226562,-35.890960693359375,14.41952896118164
1789061774608526600,16.681526611328124,-20.792144775390625,-35.68259811401367,14.916019439697266
1789061774618486500,16.691486572265624,-20.53228759765625,-35.47848129272461,15.419178009033203
1789061774628447500,16.701447509765625,-20.67071533203125,-35.29452133178711,15.906967163085938
1789061774638408700,16.71140869140625,-20.96576690673828,-35.05205154418945,16.214954376220703
1789061774648368600,16.72136865234375,-20.9742431640625,-34.68267822265625,16.777042388916016
1789061774658329600,16.73132958984375,-20.99261474609375,-34.405582427978516,17.170001983642578
1789061774668289500,16.74128955078125,-20.679595947265625,-34.152503967285156,17.700801849365234
1789061774678250500,16.75125048828125,-21.01190948486328,-34.121463775634766,18.108386993408203
1789061774688211700,16.761211669921874,-21.0567626953125,-33.835853576660156,18.543411254882812
1789061774698171600,16.771171630859374,-21.06981658935547,-33.562923431396484,18.872695922851562
1789061774708132900,16.7811328125,-21.24840545654297,-33.183109283447266,19.196575164794922
1789061774718092800,16.7910927734375,-21.421951293945312,-32.86869430541992,19.723770141601562
1789061774728053500,16.801053466796876,-21.706375122070312,-32.42245101928711,19.99478530883789
1789061774738014700,16.8110146484375,-22.078704833984375,-32.12411880493164,20.42038345336914
1789061774747974700,16.820974609375,-22.317596435546875,-31.663055419921875,20.82306671142578
1789061774757935900,16.830935791015627,-22.422286987304688,-31.301494598388672,21.329936981201172
1789061774767895800,16.840895751953123,-22.189842224121094,-30.901382446289062,21.777591705322266
1789061774777856500,16.8508564453125,-22.288223266601562,-30.57586669921875,22.163928985595703
1789061774787817700,16.860817626953125,-22.43883514404297,-30.245986938476562,22.50753402709961
1789061774797777700,16.870777587890625,-22.755714416503906,-29.96460723876953,22.788387298583984
1789061774807738600,16.880738525390626,-22.867202758789062,-29.63519287109375,23.010406494140625
1789061774817698800,16.89069873046875,-22.66393280029297,-29.45763397216797,23.410274505615234
1789061774827659500,16.900659423828124,-22.272994995117188,-29.236587524414062,23.77499771118164
1789061774837620700,16.910620849609376,-22.230934143066406,-28.969558715820312,24.222251892089844
1789061774847580700,16.92058056640625,-22.089111328125,-28.720657348632812,24.535385131835938
1789061774857541600,16.930541748046874,-22.187942504882812,-28.613059997558594,25.013214111328125
1789061774867501800,16.940501708984375,-21.886680603027344,-28.23285675048828,25.356658935546875
1789061774877462500,16.950462646484375,-21.680252075195312,-28.031761169433594,25.663314819335938
1789061774887423700,16.960423828125,-21.51494598388672,-27.76642608642578,26.03717041015625
1789061774897383700,16.9703837890625,-21.487075805664062,-27.615066528320312,26.21233367919922
1789061774907344600,16.9803447265625,-21.17108154296875,-27.43170166015625,26.49829864501953
1789061774917305600,16.9903056640625,-21.280303955078125,-27.3785400390625,26.721527099609375
1789061774927265500,17.000265625,-21.147308349609375,-27.238662719726562,27.05510711669922
1789061774937226500,17.0102265625,-20.725425720214844,-27.2340087890625,27.244827270507812
1789061774947186700,17.020186767578124,-20.495101928710938,-27.128982543945312,27.57874298095703
1789061774957147600,17.030147705078125,-20.2073974609375,-27.078895568847656,27.875198364257812
1789061774967108600,17.040108642578126,-20.07098388671875,-27.05846405029297,27.953330993652344
1789061774977068500,17.050068603515626,-20.247032165527344,-26.94145965576172,28.04442596435547
1789061774987029500,17.060029541015624,-20.57427978515625,-26.676483154296875,27.901397705078125
1789061774996989700,17.06998974609375,-21.05567169189453,-26.463623046875,28.01782989501953
1789061775006950700,17.07995068359375,-21.30193328857422,-26.181175231933594,27.817100524902344
1789061775016912000,17.089911865234374,-21.91802215576172,-25.999412536621094,27.55750274658203
1789061775026871800,17.099871826171874,-22.16614532470703,-25.955909729003906,27.379776000976562
1789061775036832500,17.10983251953125,-22.385108947753906,-25.794906616210938,27.344615936279297
1789061775046792700,17.119792724609376,-22.43218231201172,-25.75146484375,27.33755111694336
1789061775056753700,17.129753662109376,-22.349395751953125,-25.881805419921875,27.409587860107422
1789061775066715000,17.13971484375,-22.11346435546875,-25.898406982421875,27.391223907470703
1789061775076674800,17.1496748046875,-21.918357849121094,-26.018890380859375,27.637126922607422
1789061775086635500,17.159635498046875,-21.77977752685547,-25.922103881835938,27.832584381103516
1789061775096595700,17.169595703125,-21.576934814453125,-26.015029907226562,28.01932144165039
1789061775106556700,17.179556640625,-21.688194274902344,-25.94933319091797,28.13479232788086
1789061775116517600,17.189517578125,-21.66534423828125,-25.91101837158203,28.082000732421875
1789061775126477800,17.199477783203125,-21.52094268798828,-25.939437866210938,28.01538848876953
1789061775136438500,17.2094384765625,-21.621871948242188,-25.919998168945312,28.007308959960938
1789061775146399700,17.219399658203123,-21.744964599609375,-25.91790008544922,27.894309997558594
1789061775156359700,17.229359619140624,-21.97943115234375,-25.899368286132812,27.78887939453125
1789061775166320600,17.239320556640624,-22.046287536621094,-25.927490234375,27.789215087890625
1789061775176280800,17.24928076171875,-21.691635131835938,-25.8848876953125,27.93311309814453
1789061775186241500,17.259241455078126,-21.798118591308594,-25.946136474609375,27.701194763183594
1789061775196202800,17.26920263671875,-21.853759765625,-26.055557250976562,27.745452880859375
1789061775206162700,17.27916259765625,-22.18024444580078,-26.04039764404297,27.684059143066406
1789061775216123600,17.28912353515625,-22.216781616210938,-26.12677764892578,27.678184509277344
1789061775226083800,17.299083740234376,-22.380386352539062,-26.042098999023438,27.460952758789062
1789061775236044500,17.30904443359375,-22.402603149414062,-25.902328491210938,27.310691833496094
1789061775246005500,17.319005615234374,-22.626564025878906,-25.986373901367188,27.11725616455078
1789061775255965700,17.328965576171875,-22.626564025878906,-25.986373901367188,27.11725616455078
1789061775265926700,17.3389267578125,-22.841033935546875,-25.85346221923828,27.083473205566406
1789061775275886600,17.348886474609376,-22.793983459472656,-25.898635864257812,26.87073516845703
1789061775285847600,17.35884765625,-22.764266967773438,-25.9266357421875,26.726943969726562
1789061775295808500,17.36880859375,-23.29486083984375,-25.997032165527344,26.667613983154297
1789061775305768700,17.378768798828126,-22.963470458984375,-26.067298889160156,26.514408111572266
1789061775315729700,17.388729736328123,-23.272666931152344,-26.01935577392578,26.577869415283203
1789061775325689600,17.398689697265624,-23.117340087890625,-26.157577514648438,26.61697769165039
1789061775335650600,17.408650634765625,-23.29730987548828,-25.976669311523438,26.577922821044922
1789061775345611500,17.418611572265625,-23.29730987548828,-25.976669311523438,26.577922821044922
1789061775355571700,17.42857177734375,-23.55498504638672,-26.010162353515625,26.60464859008789
1789061775365532700,17.43853271484375,-23.55498504638672,-26.010162353515625,26.60464859008789
1789061775375494000,17.448493896484376,-23.715835571289062,-25.77397918701172,26.376155853271484
1789061775385453800,17.458453857421876,-23.814895629882812,-25.5733642578125,26.279712677001953
