time,seconds_elapsed,z,y,x
1788983109272712700,0.067712646484375,-25.251007080078125,-25.828338623046875,26.280651092529297
1788983109282671600,0.077671630859375,-25.561141967773438,-25.8267822265625,26.254451751708984
1788983109292631800,0.0876318359375,-25.745010375976562,-25.822830200195312,26.223770141601562
1788983109302591700,0.097591796875,-25.7274169921875,-25.73684310913086,26.292232513427734
1788983109312550700,0.107550537109375,-26.083175659179688,-25.789844512939453,26.20978546142578
1788983109322510600,0.117510498046875,-26.064117431640625,-25.84078598022461,26.25164031982422
1788983109332470500,0.127470458984375,-25.835708618164062,-25.828956604003906,26.12704849243164
1788983109342430000,0.137429931640625,-25.939346313476562,-25.80660629272461,26.18124008178711
1788983109352390000,0.147389892578125,-25.811172485351562,-25.724609375,26.27729034423828
1788983109362349800,0.157349853515625,-25.869293212890625,-25.699359893798828,26.223793029785156
1788983109372308700,0.167308837890625,-25.908203125,-25.746742248535156,26.195281982421875
1788983109382268700,0.1772685546875,-25.821624755859375,-25.765426635742188,25.966480255126953
1788983109392227600,0.1872275390625,-26.085235595703125,-25.81854248046875,26.032264709472656
1788983109402187800,0.197187744140625,-25.8702392578125,-25.83972930908203,26.10645294189453
1788983109412147700,0.207147705078125,-26.08746337890625,-25.877765655517578,26.017532348632812
1788983109422106600,0.217106689453125,-26.107940673828125,-25.920948028564453,26.15802001953125
1788983109432066600,0.227066650390625,-25.8096923828125,-25.952098846435547,26.038455963134766
1788983109442026800,0.23702685546875,-25.924972534179688,-26.04571533203125,25.968196868896484
1788983109451986000,0.24698583984375,-26.1829833984375,-26.06517791748047,25.873062133789062
1788983109461945900,0.25694580078125,-25.945785522460938,-26.090988159179688,25.855812072753906
1788983109471905800,0.26690576171875,-25.953948974609375,-26.135887145996094,25.892688751220703
1788983109481864700,0.27686474609375,-25.9537353515625,-26.207534790039062,25.81188201904297
1788983109491825000,0.286824951171875,-25.939422607421875,-26.101058959960938,25.83358383178711
1788983109501783800,0.29678369140625,-26.145263671875,-26.129669189453125,25.828956604003906
1788983109511743700,0.30674365234375,-26.118896484375,-26.123676300048828,25.895633697509766
1788983109521703700,0.31670361328125,-25.9053955078125,-26.211360931396484,25.840415954589844
1788983109531662600,0.32666259765625,-26.02691650390625,-26.158531188964844,25.895305633544922
1788983109541622800,0.336622802734375,-26.106002807617188,-26.270034790039062,25.902732849121094
1788983109551582700,0.346582763671875,-25.92498779296875,-26.026050567626953,25.797428131103516
1788983109561542000,0.3565419921875,-25.888809204101562,-26.145587921142578,25.795455932617188
1788983109571501800,0.366501708984375,-26.10015869140625,-25.966968536376953,26.01280975341797
1788983109581460700,0.376460693359375,-26.068191528320312,-26.010543823242188,25.770538330078125
1788983109591420700,0.386420654296875,-25.874420166015625,-25.94367218017578,25.849369049072266
1788983109601380900,0.396380859375,-25.708343505859375,-26.145305633544922,25.762741088867188
1788983109611339800,0.40633984375,-26.07525634765625,-26.06814193725586,25.771991729736328
1788983109621299700,0.4162998046875,-25.9749755859375,-26.246532440185547,25.726497650146484
1788983109631259600,0.426259765625,-26.051116943359375,-26.19278335571289,25.729507446289062
1788983109641218600,0.436218505859375,-26.008285522460938,-26.22850799560547,25.668960571289062
1788983109651178800,0.4461787109375,-26.155502319335938,-25.99026107788086,25.705307006835938
1788983109661138700,0.456138671875,-26.190155029296875,-26.166915893554688,25.647228240966797
1788983109671097900,0.466097900390625,-26.0831298828125,-25.993919372558594,25.723594665527344
1788983109681057800,0.476057861328125,-26.1087646484375,-26.237895965576172,25.692440032958984
1788983109691016700,0.4860166015625,-26.18988037109375,-26.154621124267578,25.87618637084961
1788983109700977000,0.495976806640625,-25.937789916992188,-26.176143646240234,25.81079864501953
1788983109710936800,0.505936767578125,-26.042160034179688,-26.149097442626953,25.874855041503906
1788983109720895700,0.515895751953125,-25.980133056640625,-26.150447845458984,25.879581451416016
1788983109730855700,0.525855712890625,-25.992965698242188,-26.057567596435547,25.951126098632812
1788983109740816000,0.53581591796875,-26.163436889648438,-26.085830688476562,25.863967895507812
1788983109750774800,0.54577490234375,-26.170501708984375,-26.088157653808594,25.815746307373047
1788983109760734700,0.555734619140625,-25.928817749023438,-26.257831573486328,25.93320083618164
1788983109770694700,0.565694580078125,-25.868057250976562,-26.118988037109375,26.079086303710938
1788983109780653800,0.57565380859375,-26.085800170898438,-26.06033706665039,25.989582061767578
1788983109790613800,0.58561376953125,-26.12811279296875,-25.97867202758789,25.927024841308594
1788983109800573000,0.595572998046875,-25.925750732421875,-26.103668212890625,25.825485229492188
1788983109810532900,0.605532958984375,-25.748382568359375,-26.006690979003906,25.846908569335938
1788983109820492800,0.615492919921875,-25.877777099609375,-25.987049102783203,25.834556579589844
1788983109830451700,0.62545166015625,-25.962448120117188,-25.965347290039062,25.955867767333984
1788983109840411600,0.63541162109375,-25.913528442382812,-26.01739501953125,25.869892120361328
1788983109850371800,0.645371826171875,-26.054534912109375,-26.005146026611328,25.917335510253906
1788983109860330800,0.655330810546875,-26.180511474609375,-26.111225128173828,25.785438537597656
1788983109870290700,0.665290771484375,-26.026596069335938,-26.028030395507812,25.90410614013672
1788983109880250600,0.675250732421875,-26.092010498046875,-25.96257781982422,25.77667236328125
1788983109890209800,0.685209716796875,-26.168563842773438,-25.96792221069336,25.822490692138672
1788983109900169700,0.695169677734375,-26.049850463867188,-26.025779724121094,25.778430938720703
1788983109910129000,0.70512890625,-25.908843994140625,-25.89977264404297,25.810680389404297
1788983109920088800,0.7150888671875,-25.8321533203125,-26.08349609375,25.77154541015625
1788983109930048800,0.725048828125,-25.918807983398438,-26.016765594482422,25.791297912597656
1788983109940007700,0.735007568359375,-25.930831909179688,-26.078369140625,25.839950561523438
1788983109949968000,0.7449677734375,-25.774032592773438,-26.12619400024414,25.910839080810547
1788983109959928800,0.7549287109375,-25.764328002929688,-26.030132293701172,25.811744689941406
1788983109969887700,0.7648876953125,-25.835540771484375,-26.114418029785156,25.92241668701172
1788983109979847700,0.77484765625,-25.850372314453125,-26.125709533691406,25.75259017944336
1788983109989807900,0.784807861328125,-25.974761962890625,-26.060142517089844,25.813068389892578
1788983109999766800,0.794766845703125,-26.091339111328125,-26.094894409179688,25.732505798339844
1788983110009726700,0.804726806640625,-26.251220703125,-26.00189971923828,25.732707977294922
1788983110019685600,0.814685546875,-26.219482421875,-25.898136138916016,25.787761688232422
1788983110029645600,0.8246455078125,-26.2132568359375,-25.836795806884766,25.791671752929688
1788983110039605800,0.834605712890625,-26.045639038085938,-25.813270568847656,25.759754180908203
1788983110049565000,0.84456494140625,-26.24237060546875,-25.714519500732422,25.796627044677734
1788983110059524900,0.85452490234375,-26.369720458984375,-25.699905395507812,25.896564483642578
1788983110069484800,0.86448486328125,-26.438507080078125,-25.573062896728516,25.89487075805664
1788983110079443700,0.874443603515625,-26.538818359375,-25.57461929321289,25.686134338378906
1788983110089404000,0.88440380859375,-26.434326171875,-25.500442504882812,25.75191879272461
1788983110099363800,0.89436376953125,-26.398483276367188,-25.523345947265625,25.711750030517578
1788983110109322800,0.90432275390625,-26.429107666015625,-25.55642318725586,25.85799789428711
1788983110119282700,0.91428271484375,-26.387847900390625,-25.553600311279297,25.924785614013672
1788983110129241600,0.92424169921875,-26.584320068359375,-25.434398651123047,25.946556091308594
1788983110139201800,0.934201904296875,-26.4967041015625,-25.41180419921875,26.04543685913086
1788983110149161700,0.94416162109375,-26.281280517578125,-25.340106964111328,26.160167694091797
1788983110159121000,0.954120849609375,-26.205184936523438,-25.324481964111328,26.19107437133789
1788983110169080800,0.964080810546875,-26.319549560546875,-25.240055084228516,26.188560485839844
1788983110179040800,0.974040771484375,-26.298583984375,-25.295974731445312,26.188053131103516
1788983110188999700,0.983999755859375,-26.114273071289062,-25.217815399169922,26.33401870727539
1788983110198959900,0.9939599609375,-26.408676147460938,-25.217052459716797,26.222335815429688
1788983110208918800,1.003918701171875,-26.24749755859375,-25.189865112304688,26.302490234375
1788983110218878700,1.013878662109375,-26.119537353515625,-25.183971405029297,26.40374755859375
1788983110228838700,1.023838623046875,-26.236175537109375,-25.15340805053711,26.350650787353516
1788983110238797600,1.033797607421875,-26.11334228515625,-25.125595092773438,26.35311508178711
1788983110248757800,1.0437578125,-26.136138916015625,-24.993892669677734,26.437530517578125
1788983110258717700,1.0537177734375,-26.120498657226562,-25.083961486816406,26.4073486328125
1788983110268676900,1.0636767578125,-25.958526611328125,-24.999588012695312,26.371849060058594
1788983110278636800,1.07363671875,-26.181121826171875,-24.959571838378906,26.436935424804688
1788983110288597000,1.083596923828125,-26.194488525390625,-24.90958023071289,26.447097778320312
1788983110298556000,1.093555908203125,-26.272109985351562,-24.872112274169922,26.42965316772461
1788983110308515800,1.103515869140625,-26.17205810546875,-25.050033569335938,26.39102554321289
1788983110318474800,1.113474853515625,-26.038375854492188,-25.073089599609375,26.527286529541016
1788983110328434700,1.1234345703125,-26.064376831054688,-25.131786346435547,26.521465301513672
1788983110338395000,1.133394775390625,-25.9788818359375,-25.163803100585938,26.413192749023438
1788983110348353800,1.143353759765625,-25.976409912109375,-25.24553680419922,26.549072265625
1788983110358313700,1.153313720703125,-25.989593505859375,-25.10207748413086,26.48318099975586
1788983110368273700,1.163273681640625,-25.999313354492188,-25.283607482910156,26.43494415283203
1788983110378232800,1.17323291015625,-25.9964599609375,-25.204532623291016,26.44005584716797
1788983110388192800,1.18319287109375,-25.850967407226562,-25.32071304321289,26.45226287841797
1788983110398152700,1.193152587890625,-25.823272705078125,-25.440017700195312,26.40020751953125
1788983110408111900,1.20311181640625,-25.762420654296875,-25.49087142944336,26.268272399902344
1788983110418071800,1.21307177734375,-25.834854125976562,-25.441627502441406,26.377609252929688
1788983110428030700,1.22303076171875,-25.572952270507812,-25.58797836303711,26.200286865234375
1788983110437990700,1.23299072265625,-25.773529052734375,-25.585041046142578,26.243587493896484
1788983110447950800,1.242950927734375,-25.856552124023438,-25.662525177001953,26.15569305419922
1788983110457909800,1.25290966796875,-25.611419677734375,-25.791282653808594,26.107860565185547
1788983110467869700,1.26286962890625,-25.549285888671875,-25.93179702758789,26.035655975341797
1788983110477829600,1.27282958984375,-25.449172973632812,-25.95557403564453,26.024250030517578
1788983110487788800,1.282788818359375,-25.305282592773438,-25.94192886352539,26.039875030517578
1788983110497748700,1.292748779296875,-25.259719848632812,-26.053329467773438,26.169574737548828
1788983110507708000,1.3027080078125,-25.3355712890625,-25.93973159790039,26.159503936767578
1788983110517667800,1.312667724609375,-25.123291015625,-25.91421127319336,26.175304412841797
1788983110527627800,1.322627685546875,-25.04376220703125,-26.02800750732422,26.435955047607422
1788983110537586700,1.332586669921875,-25.198272705078125,-26.09640884399414,26.347686767578125
1788983110547547000,1.342546875,-25.136734008789062,-25.972885131835938,26.404205322265625
1788983110557506800,1.3525068359375,-25.118026733398438,-25.849899291992188,26.342571258544922
1788983110567465700,1.3624658203125,-25.270645141601562,-25.851333618164062,26.548011779785156
1788983110577425700,1.37242578125,-25.495346069335938,-25.70569610595703,26.446876525878906
1788983110587385600,1.382385498046875,-25.46044921875,-25.62499237060547,26.44797134399414
1788983110597344800,1.3923447265625,-25.290328979492188,-25.564476013183594,26.368255615234375
1788983110607304700,1.4023046875,-24.969650268554688,-25.699562072753906,26.566387176513672
1788983110617263900,1.412263916015625,-25.041656494140625,-25.747745513916016,26.57818603515625
1788983110627223800,1.422223876953125,-24.839065551757812,-25.675899505615234,26.56757354736328
1788983110637183700,1.432183837890625,-24.540924072265625,-25.849166870117188,26.518081665039062
1788983110647143000,1.442142822265625,-24.540924072265625,-25.849166870117188,26.518081665039062
1788983110657102800,1.452102783203125,-24.593597412109375,-26.20107650756836,26.66790771484375
1788983110667062800,1.462062744140625,-24.212905883789062,-26.219432830810547,26.677631378173828
1788983110677021700,1.472021728515625,-24.084609985351562,-26.360443115234375,26.661285400390625
1788983110686981600,1.481981689453125,-23.953048706054688,-26.419082641601562,26.736480712890625
1788983110696941800,1.49194189453125,-23.846694946289062,-26.594249725341797,26.864856719970703
1788983110706900700,1.501900634765625,-23.846710205078125,-26.586292266845703,27.024898529052734
1788983110716860700,1.511860595703125,-23.657943725585938,-26.64586639404297,26.932777404785156
1788983110726819800,1.52181982421875,-23.620208740234375,-26.591964721679688,26.945602416992188
1788983110736779800,1.53177978515625,-23.323516845703125,-26.751293182373047,26.858760833740234
1788983110746740000,1.541739990234375,-23.556488037109375,-26.685646057128906,26.828838348388672
1788983110756699000,1.551698974609375,-23.541473388671875,-26.680377960205078,26.8255615234375
1788983110766658800,1.561658935546875,-23.642745971679688,-26.531848907470703,26.904949188232422
1788983110776618800,1.57161865234375,-23.613449096679688,-26.623241424560547,26.769676208496094
1788983110786577700,1.58157763671875,-23.982940673828125,-26.50295639038086,26.69174575805664
1788983110796537900,1.591537841796875,-24.267349243164062,-26.47683334350586,26.592967987060547
1788983110806496800,1.601496826171875,-24.322219848632812,-26.356605529785156,26.48546600341797
1788983110816456700,1.611456787109375,-24.20159912109375,-26.437835693359375,26.42861557006836
1788983110826416600,1.621416748046875,-24.384796142578125,-26.30008316040039,26.317337036132812
1788983110836375800,1.631375732421875,-24.492172241210938,-26.318416595458984,26.335617065429688
1788983110846335700,1.641335693359375,-24.357269287109375,-26.364665985107422,26.29822540283203
1788983110856296000,1.6512958984375,-24.664627075195312,-26.57845687866211,26.034221649169922
1788983110866254800,1.6612548828125,-24.1383056640625,-26.55267333984375,26.111743927001953
1788983110876214800,1.67121484375,-24.163528442382812,-26.645095825195312,26.06391143798828
1788983110886174700,1.6811748046875,-24.162429809570312,-26.616165161132812,26.092926025390625
1788983110896133600,1.691133544921875,-23.816299438476562,-26.665164947509766,26.098880767822266
1788983110906093800,1.70109375,-23.847152709960938,-26.68140411376953,26.06214141845703
1788983110916052700,1.711052734375,-23.812088012695312,-26.6800537109375,26.040428161621094
1788983110926012700,1.7210126953125,-24.00537109375,-26.632949829101562,26.237220764160156
1788983110935972600,1.73097265625,-23.943862915039062,-26.654682159423828,26.200664520263672
1788983110945931800,1.740931884765625,-23.945449829101562,-26.633140563964844,26.092769622802734
1788983110955892000,1.75089208984375,-24.236541748046875,-26.69268035888672,26.10037612915039
1788983110965851600,1.7608515625,-23.908950805664062,-26.600826263427734,26.068885803222656
1788983110975810600,1.770810546875,-23.878646850585938,-26.612319946289062,26.00552749633789
1788983110985770500,1.7807705078125,-24.0386962890625,-26.479076385498047,26.126644134521484
1788983110995729400,1.7907294921875,-23.974197387695312,-26.617469787597656,25.891326904296875
1788983111005689600,1.800689697265625,-24.169754028320312,-26.558666229248047,25.908435821533203
1788983111015649500,1.8106494140625,-24.447982788085938,-26.517566680908203,25.85843276977539
1788983111025608400,1.8206083984375,-24.300979614257812,-26.510398864746094,25.801048278808594
1788983111035568400,1.830568359375,-24.261154174804688,-26.56890106201172,25.75235366821289
1788983111045528300,1.8405283203125,-24.169586181640625,-26.722972869873047,25.996253967285156
1788983111055487700,1.85048779296875,-24.4329833984375,-26.701217651367188,26.042800903320312
1788983111065447700,1.86044775390625,-24.55267333984375,-26.58596420288086,25.94781494140625
1788983111075407600,1.87040771484375,-24.332427978515625,-26.655380249023438,25.903125762939453
1788983111085366500,1.880366455078125,-24.162322998046875,-26.668212890625,25.940814971923828
1788983111095326500,1.890326416015625,-24.2833251953125,-26.71484375,25.951942443847656
1788983111105285400,1.900285400390625,-24.178024291992188,-26.68283462524414,25.889888763427734
1788983111115245600,1.91024560546875,-24.218643188476562,-26.644023895263672,25.93335723876953
1788983111125205500,1.92020556640625,-24.074600219726562,-26.741252899169922,25.910186767578125
1788983111135164400,1.930164306640625,-23.914779663085938,-26.77886962890625,25.968551635742188
1788983111145124400,1.940124267578125,-23.709335327148438,-26.825870513916016,25.989322662353516
1788983111155084500,1.95008447265625,-23.730194091796875,-26.942577362060547,25.874568939208984
1788983111165043700,1.960043701171875,-23.545242309570312,-26.983043670654297,25.932445526123047
1788983111175003600,1.970003662109375,-23.541290283203125,-27.086505889892578,25.897308349609375
1788983111184962600,1.979962646484375,-23.465255737304688,-27.066577911376953,25.993289947509766
1788983111194922500,1.989922607421875,-23.332565307617188,-27.09148406982422,25.900333404541016
1788983111204882700,1.999882568359375,-23.608200073242188,-27.267574310302734,25.9378662109375
1788983111214841600,2.009841552734375,-23.66180419921875,-27.194000244140625,25.944698333740234
1788983111224801500,2.019801513671875,-23.71136474609375,-27.11803436279297,25.828018188476562
1788983111234761500,2.029761474609375,-23.855484008789062,-27.069690704345703,25.706192016601562
1788983111244720400,2.039720458984375,-23.761154174804688,-26.993263244628906,25.901771545410156
1788983111254680600,2.0496806640625,-23.831329345703125,-26.901954650878906,25.763381958007812
1788983111264639700,2.0596396484375,-24.148483276367188,-26.927162170410156,25.63033676147461
1788983111274599700,2.069599609375,-24.134063720703125,-26.847652435302734,25.62054443359375
1788983111284559600,2.0795595703125,-24.071548461914062,-26.83779525756836,25.76284408569336
1788983111294518500,2.0895185546875,-23.939620971679688,-26.873435974121094,25.85076141357422
1788983111304478500,2.099478515625,-23.717681884765625,-26.776165008544922,25.984397888183594
1788983111314438700,2.109438720703125,-23.614593505859375,-26.770599365234375,25.87659454345703
1788983111324397600,2.1193974609375,-23.620071411132812,-26.852771759033203,26.001903533935547
1788983111334357500,2.129357421875,-23.700973510742188,-26.90926742553711,26.099143981933594
1788983111344317400,2.1393173828125,-23.653533935546875,-26.87741470336914,26.09095001220703
1788983111354276400,2.1492763671875,-23.52520751953125,-26.921924591064453,26.092086791992188
1788983111364236500,2.159236572265625,-23.42486572265625,-26.99836540222168,25.983261108398438
1788983111374195500,2.169195556640625,-23.641647338867188,-26.97215461730957,26.00556182861328
1788983111384155400,2.1791552734375,-23.5723876953125,-26.968332290649414,26.115230560302734
1788983111394115300,2.189115234375,-23.336685180664062,-26.987024307250977,26.13530731201172
1788983111404074500,2.199074462890625,-23.420639038085938,-26.98344612121582,25.945331573486328
1788983111414034700,2.20903466796875,-23.4493408203125,-26.927717208862305,25.93600845336914
1788983111423994600,2.21899462890625,-23.532974243164062,-26.87154197692871,25.95984649658203
1788983111433953500,2.22895361328125,-23.6927490234375,-26.787080764770508,26.039188385009766
1788983111443913500,2.23891357421875,-23.7294921875,-26.658205032348633,25.96990203857422
1788983111453873700,2.248873779296875,-23.8475341796875,-26.464509963989258,25.967823028564453
1788983111463832600,2.25883251953125,-23.973114013671875,-26.346940994262695,25.909244537353516
1788983111473792500,2.26879248046875,-24.181549072265625,-26.177499771118164,26.099365234375
1788983111483751400,2.27875146484375,-24.34246826171875,-26.13356590270996,26.12393569946289
1788983111493711400,2.28871142578125,-24.416824340820312,-25.894227981567383,26.16299057006836
1788983111503671300,2.29867138671875,-24.300796508789062,-25.631486892700195,26.229930877685547
1788983111513630700,2.308630615234375,-24.404220581054688,-25.58367347717285,26.33450698852539
1788983111523590700,2.318590576171875,-24.44500732421875,-25.673940658569336,26.34115219116211
1788983111533550600,2.328550537109375,-24.327392578125,-25.744516372680664,26.322315216064453
1788983111543509500,2.338509521484375,-24.159988403320312,-25.72913932800293,26.37480926513672
1788983111553469400,2.348469482421875,-24.088165283203125,-25.745840072631836,26.410770416259766
1788983111563428400,2.358428466796875,-24.031524658203125,-25.85919761657715,26.331363677978516
1788983111573388500,2.368388427734375,-23.939651489257812,-25.949575424194336,26.29621124267578
1788983111583348500,2.378348388671875,-23.850936889648438,-26.06084632873535,26.255859375
1788983111593307400,2.388307373046875,-23.879608154296875,-26.02436637878418,26.342979431152344
1788983111603267300,2.398267333984375,-23.74932861328125,-25.965234756469727,26.22490692138672
1788983111613227500,2.4082275390625,-24.0106201171875,-25.946252822875977,26.26547622680664
1788983111623186700,2.418186767578125,-24.081832885742188,-25.801267623901367,26.286258697509766
1788983111633146600,2.428146728515625,-24.188766479492188,-25.677152633666992,26.28850555419922
1788983111643105500,2.43810546875,-24.050460815429688,-25.704038619995117,26.446868896484375
1788983111653065500,2.4480654296875,-24.272735595703125,-25.491811752319336,26.387168884277344
1788983111663025700,2.458025634765625,-24.39111328125,-25.500288009643555,26.412246704101562
1788983111672984600,2.467984619140625,-24.232284545898438,-25.401769638061523,26.550552368164062
1788983111682944500,2.477944580078125,-24.332794189453125,-25.489320755004883,26.443050384521484
1788983111692904400,2.487904541015625,-24.336257934570312,-25.37022590637207,26.478900909423828
1788983111702863400,2.49786328125,-24.326629638671875,-25.33193016052246,26.490501403808594
1788983111712823600,2.507823486328125,-24.462188720703125,-25.08854103088379,26.418384552001953
1788983111722783500,2.517783447265625,-24.212051391601562,-25.208011627197266,26.523845672607422
1788983111732742700,2.52774267578125,-24.277740478515625,-25.204208374023438,26.616573333740234
1788983111742702600,2.53770263671875,-24.182601928710938,-25.200637817382812,26.54263687133789
1788983111752661500,2.54766162109375,-24.491104125976562,-25.117938995361328,26.528919219970703
1788983111762621400,2.557621337890625,-24.34124755859375,-25.37283706665039,26.514141082763672
1788983111772581600,2.56758154296875,-24.601699829101562,-25.297340393066406,26.519092559814453
1788983111782540500,2.57754052734375,-24.410675048828125,-25.293319702148438,26.466522216796875
1788983111792500500,2.58750048828125,-24.429977416992188,-25.24045181274414,26.497486114501953
1788983111802460400,2.59746044921875,-24.642166137695312,-25.130340576171875,26.48111343383789
1788983111812419300,2.60741943359375,-24.688400268554688,-25.103084564208984,26.452678680419922
1788983111822379500,2.617379638671875,-24.520416259765625,-25.300701141357422,26.408836364746094
1788983111832339500,2.62733935546875,-24.434707641601562,-25.38003158569336,26.362979888916016
1788983111842298600,2.637298583984375,-24.408416748046875,-25.45220947265625,26.34514617919922
1788983111852258600,2.647258544921875,-24.366302490234375,-25.38067626953125,26.410476684570312
1788983111862217500,2.657217529296875,-24.51348876953125,-25.327503204345703,26.442073822021484
1788983111872177700,2.667177734375,-24.453750610351562,-25.268062591552734,26.292675018310547
1788983111882137600,2.6771376953125,-24.139373779296875,-25.358177185058594,26.234130859375
1788983111892096500,2.687096435546875,-24.145416259765625,-25.30804443359375,26.339923858642578
1788983111902056400,2.697056396484375,-24.041030883789062,-25.42611312866211,26.460777282714844
1788983111912016600,2.7070166015625,-24.039199829101562,-25.26496124267578,26.47982406616211
1788983111921975600,2.7169755859375,-24.193557739257812,-25.428707122802734,26.409564971923828
1788983111931935500,2.726935546875,-23.941390991210938,-25.32529067993164,26.548595428466797
1788983111941894700,2.736894775390625,-24.065780639648438,-25.528785705566406,26.58844757080078
1788983111951854600,2.7468544921875,-23.931106567382812,-25.48485565185547,26.70431137084961
1788983111961814500,2.756814453125,-23.975540161132812,-25.563621520996094,26.538070678710938
1788983111971773700,2.766773681640625,-23.793991088867188,-25.388240814208984,26.697765350341797
1788983111981733600,2.776733642578125,-23.712081909179688,-25.514183044433594,26.641326904296875
1788983111991693800,2.78669384765625,-23.70245361328125,-25.449718475341797,26.86187744140625
1788983112001652700,2.79665283203125,-23.48870849609375,-25.525829315185547,26.923831939697266
1788983112011612700,2.80661279296875,-23.331497192382812,-25.422435760498047,26.966156005859375
1788983112021572600,2.816572509765625,-23.443084716796875,-25.464900970458984,26.880939483642578
1788983112031531500,2.826531494140625,-23.547775268554688,-25.46481704711914,27.201000213623047
1788983112041491700,2.83649169921875,-23.548828125,-25.447208404541016,27.057025909423828
1788983112051450600,2.84645068359375,-23.787368774414062,-25.141971588134766,27.00436019897461
1788983112061410600,2.85641064453125,-24.229339599609375,-24.988250732421875,26.966053009033203
1788983112071370500,2.86637060546875,-24.231002807617188,-24.686054229736328,26.960521697998047
1788983112081329700,2.87632958984375,-24.319580078125,-24.765003204345703,26.97262191772461
1788983112091289900,2.886289794921875,-24.622772216796875,-24.716289520263672,26.984783172607422
1788983112101249800,2.896249755859375,-24.51055908203125,-24.907470703125,26.913982391357422
1788983112111208700,2.906208740234375,-24.499954223632812,-24.96969985961914,26.834121704101562
1788983112121168600,2.916168701171875,-24.277359008789062,-25.132659912109375,26.730350494384766
1788983112131127600,2.92612744140625,-24.417465209960938,-25.241718292236328,26.650188446044922
1788983112141087500,2.93608740234375,-24.164459228515625,-25.362030029296875,26.521991729736328
1788983112151047700,2.946047607421875,-23.918380737304688,-25.727855682373047,26.57642364501953
1788983112161006600,2.956006591796875,-24.097763061523438,-25.85910987854004,26.400455474853516
1788983112170966500,2.965966552734375,-23.9107666015625,-26.002492904663086,26.421031951904297
1788983112180926500,2.975926513671875,-23.814056396484375,-26.047842025756836,26.488529205322266
1788983112190885600,2.9858857421875,-23.830032348632812,-25.986696243286133,26.486652374267578
1788983112200845800,2.995845703125,-23.811737060546875,-26.016767501831055,26.426429748535156
1788983112210804700,3.0058046875,-24.065139770507812,-25.84772300720215,26.417388916015625
1788983112220764700,3.0157646484375,-24.07916259765625,-25.90445899963379,26.411487579345703
1788983112230724600,3.025724609375,-24.524795532226562,-25.90961265563965,26.403213500976562
1788983112240683500,3.03568359375,-24.537078857421875,-25.68852424621582,26.350296020507812
1788983112250643700,3.045643798828125,-24.726455688476562,-25.669755935668945,26.078140258789062
1788983112260603600,3.055603759765625,-24.946197509765625,-25.62546730041504,25.99828338623047
1788983112270562600,3.0655625,-25.0146484375,-25.53632926940918,25.896183013916016
1788983112280522500,3.0755224609375,-24.815933227539062,-25.592426300048828,25.829608917236328
1788983112290482700,3.085482666015625,-24.964675903320312,-25.807693481445312,25.879981994628906
1788983112300441900,3.09544189453125,-25.02838134765625,-26.041629791259766,25.727828979492188
1788983112310401800,3.10540185546875,-24.879486083984375,-26.02153778076172,25.685596466064453
1788983112320360700,3.115360595703125,-24.658279418945312,-26.17742156982422,25.664840698242188
1788983112330320600,3.125320556640625,-24.641571044921875,-26.430248260498047,25.506855010986328
1788983112340280600,3.135280517578125,-24.407073974609375,-26.46585464477539,25.426345825195312
1788983112350239700,3.14523974609375,-24.407073974609375,-26.46585464477539,25.426345825195312
1788983112360199700,3.15519970703125,-24.438140869140625,-26.459125518798828,25.589584350585938
1788983112370159600,3.16515966796875,-24.5269775390625,-26.580158233642578,25.503849029541016
1788983112380118500,3.175118408203125,-24.383102416992188,-26.523632049560547,25.66735076904297
1788983112390078500,3.185078369140625,-24.840911865234375,-26.55742645263672,25.501651763916016
1788983112400037600,3.19503759765625,-24.692153930664062,-26.470844268798828,25.601268768310547
1788983112409997800,3.204997802734375,-23.990814208984375,-26.444934844970703,25.617088317871094
1788983112419957800,3.214957763671875,-24.568527221679688,-26.455997467041016,25.625347137451172
1788983112429916700,3.224916748046875,-24.807144165039062,-26.45868682861328,25.544864654541016
1788983112439876600,3.234876708984375,-24.790176391601562,-26.465839385986328,25.586963653564453
1788983112449836800,3.2448369140625,-24.830001831054688,-26.345680236816406,25.545818328857422
1788983112459795700,3.254795654296875,-25.1697998046875,-26.365955352783203,25.528728485107422
1788983112469755600,3.264755615234375,-25.053131103515625,-26.32131576538086,25.57500457763672
1788983112479715600,3.274715576171875,-24.932952880859375,-26.38201904296875,25.514110565185547
1788983112489674500,3.284674560546875,-25.051483154296875,-26.37176513671875,25.54364013671875
1788983112499634700,3.294634765625,-24.858230590820312,-26.389053344726562,25.470741271972656
1788983112509593600,3.304593505859375,-25.02777099609375,-26.35232925415039,25.286483764648438
1788983112519553500,3.314553466796875,-25.220291137695312,-26.530460357666016,25.362689971923828
1788983112529513500,3.324513427734375,-25.255935668945312,-26.435691833496094,25.305038452148438
1788983112539472600,3.33447265625,-25.193328857421875,-26.533710479736328,25.41998291015625
1788983112549432800,3.344432861328125,-25.467727661132812,-26.515716552734375,25.304317474365234
1788983112559392800,3.354392822265625,-25.249893188476562,-26.542240142822266,25.09890365600586
1788983112569351700,3.3643515625,-25.230026245117188,-26.47022247314453,25.125343322753906
1788983112579311600,3.3743115234375,-25.085647583007812,-26.560970306396484,25.135173797607422
1788983112589270500,3.3842705078125,-24.942245483398438,-26.588272094726562,25.210670471191406
1788983112599230500,3.39423046875,-25.119064331054688,-26.709369659423828,25.065383911132812
1788983112609190700,3.404190673828125,-25.1865234375,-26.633987426757812,25.000030517578125
1788983112619149600,3.414149658203125,-25.270233154296875,-26.720428466796875,25.017650604248047
1788983112629109500,3.424109619140625,-25.164474487304688,-26.808452606201172,25.058982849121094
1788983112639069400,3.4340693359375,-25.124481201171875,-26.831716537475586,24.962608337402344
1788983112649028600,3.444028564453125,-25.242782592773438,-26.802629470825195,24.852447509765625
1788983112658988800,3.45398876953125,-25.277938842773438,-26.83563804626465,24.792102813720703
1788983112668948700,3.46394873046875,-25.338577270507812,-26.970346450805664,24.736053466796875
1788983112678907600,3.47390771484375,-25.548934936523438,-26.993032455444336,24.58985137939453
1788983112688867600,3.48386767578125,-25.6778564453125,-26.94156837463379,24.516246795654297
1788983112698826500,3.493826416015625,-25.889694213867188,-26.92365837097168,24.447914123535156
1788983112708786700,3.50378662109375,-26.1651611328125,-26.813669204711914,24.38254165649414
1788983112718746600,3.51374658203125,-26.27490234375,-26.680891036987305,24.387359619140625
1788983112728705500,3.52370556640625,-26.63787841796875,-26.53996467590332,24.273536682128906
1788983112738665500,3.53366552734375,-26.688217163085938,-26.45029640197754,24.28799057006836
1788983112748625700,3.543625732421875,-26.949813842773438,-26.425127029418945,24.342559814453125
1788983112758584800,3.553584716796875,-27.11602783203125,-26.38703727722168,24.182559967041016
1788983112768544800,3.563544677734375,-27.108505249023438,-26.26302146911621,24.2042236328125
1788983112778503700,3.573503662109375,-27.10968017578125,-26.263851165771484,24.236976623535156
1788983112788463600,3.583463623046875,-27.065353393554688,-26.265838623046875,24.282691955566406
1788983112798423600,3.593423583984375,-26.88836669921875,-26.387035369873047,24.254638671875
1788983112808382700,3.6033828125,-26.5904541015625,-26.503223419189453,24.325477600097656
1788983112818342700,3.6133427734375,-26.389434814453125,-26.733501434326172,24.212902069091797
1788983112828302600,3.623302490234375,-26.409408569335938,-26.803386688232422,24.22992706298828
1788983112838261500,3.633261474609375,-26.199996948242188,-27.12415313720703,24.08676528930664
1788983112848221400,3.643221435546875,-26.159027099609375,-27.178680419921875,24.238052368164062
1788983112858181600,3.653181640625,-26.213394165039062,-27.319549560546875,23.973541259765625
1788983112868140800,3.663140869140625,-26.088058471679688,-27.343639373779297,24.147930145263672
1788983112878100700,3.673100830078125,-26.43560791015625,-27.175670623779297,24.032535552978516
1788983112888059600,3.6830595703125,-26.798095703125,-27.032363891601562,23.96405029296875
1788983112898019600,3.69301953125,-26.807357788085938,-27.071823120117188,23.8076171875
1788983112907979800,3.702979736328125,-27.09173583984375,-26.800701141357422,23.771892547607422
1788983112917938700,3.712938720703125,-27.201690673828125,-26.750816345214844,23.642391204833984
1788983112927898600,3.722898681640625,-27.508743286132812,-26.542160034179688,23.702533721923828
1788983112937858600,3.732858642578125,-27.51068115234375,-26.587066650390625,23.594181060791016
1788983112947817500,3.7428173828125,-27.548751831054688,-26.349937438964844,23.85184097290039
1788983112957777700,3.752777587890625,-27.658203125,-26.36740493774414,23.788288116455078
1788983112967736000,3.762736083984375,-27.681350708007812,-26.25603485107422,23.952224731445312
1788983112977696000,3.772696044921875,-27.23626708984375,-26.25137710571289,24.08898162841797
1788983112987656000,3.782656005859375,-27.224441528320312,-26.207061767578125,24.259246826171875
1788983112997614800,3.79261474609375,-27.2974853515625,-26.487686157226562,24.1707763671875
1788983113007575000,3.802574951171875,-26.943649291992188,-26.488842010498047,24.219867706298828
1788983113017535000,3.812534912109375,-26.839248657226562,-26.602848052978516,24.250606536865234
1788983113027494000,3.822493896484375,-26.818557739257812,-26.776329040527344,24.142478942871094
1788983113037453800,3.832453857421875,-26.734893798828125,-26.860286712646484,24.04792022705078
1788983113047413000,3.8424130859375,-26.850738525390625,-26.793907165527344,24.184574127197266
1788983113057373000,3.852373046875,-26.7069091796875,-26.818756103515625,24.067489624023438
1788983113067332900,3.862332763671875,-26.654281616210938,-26.70639419555664,24.201793670654297
1788983113077292000,3.8722919921875,-26.7841796875,-26.739246368408203,24.199604034423828
1788983113087252000,3.882251953125,-26.994155883789062,-26.566082000732422,24.342113494873047
1788983113097212000,3.8922119140625,-27.076614379882812,-26.383052825927734,24.216148376464844
1788983113107170800,3.9021708984375,-27.094650268554688,-26.383914947509766,24.25759506225586
1788983113117131000,3.912131103515625,-26.932846069335938,-26.447223663330078,24.234012603759766
1788983113127091000,3.922091064453125,-26.977020263671875,-26.428943634033203,24.241500854492188
1788983113137049900,3.9320498046875,-26.867385864257812,-26.52173614501953,24.410995483398438
1788983113147009800,3.942009765625,-26.95355224609375,-26.308319091796875,24.443439483642578
1788983113156969000,3.951968994140625,-26.869598388671875,-26.322540283203125,24.431007385253906
1788983113166929000,3.961928955078125,-26.997146606445312,-26.32577133178711,24.360149383544922
1788983113176888800,3.971888916015625,-26.89013671875,-26.401123046875,24.265670776367188
1788983113186848000,3.981847900390625,-27.151596069335938,-26.353633880615234,24.253921508789062
1788983113196808000,3.991807861328125,-27.059341430664062,-26.31739044189453,24.253952026367188
1788983113206768000,4.00176806640625,-27.069046020507812,-26.42133331298828,24.216320037841797
1788983113216727000,4.01172705078125,-27.033889770507812,-26.498531341552734,24.138980865478516
1788983113226687000,4.02168701171875,-27.249343872070312,-26.468063354492188,24.17208480834961
1788983113236646000,4.03164599609375,-26.999908447265625,-26.623523712158203,24.097888946533203
1788983113246605800,4.041605712890625,-27.099166870117188,-26.548641204833984,24.108657836914062
1788983113256566000,4.05156591796875,-27.093704223632812,-26.57436752319336,24.001144409179688
1788983113266525000,4.06152490234375,-27.0985107421875,-26.612197875976562,23.964683532714844
1788983113276484900,4.07148486328125,-27.2655029296875,-26.671924591064453,23.89138412475586
1788983113286444800,4.08144482421875,-27.199905395507812,-26.76529312133789,23.970088958740234
1788983113296404000,4.091404052734375,-27.072372436523438,-26.740951538085938,23.712013244628906
1788983113306364000,4.101364013671875,-27.145339965820312,-26.716888427734375,23.761157989501953
1788983113316323000,4.111322998046875,-27.164077758789062,-26.80428695678711,23.735958099365234
1788983113326283000,4.121282958984375,-26.996292114257812,-26.86109161376953,23.673789978027344
1788983113336243000,4.131242919921875,-27.119430541992188,-26.78973388671875,23.780803680419922
1788983113346201900,4.141201904296875,-27.289901733398438,-26.68767547607422,23.75757598876953
1788983113356161800,4.151161865234375,-27.273452758789062,-26.751338958740234,23.783863067626953
1788983113366122000,4.1611220703125,-27.416702270507812,-26.751861572265625,23.886367797851562
1788983113376081000,4.171080810546875,-27.099472045898438,-26.833213806152344,23.97018814086914
1788983113386040800,4.181040771484375,-27.362564086914062,-26.901134490966797,24.15423583984375
1788983113396000800,4.191000732421875,-26.890899658203125,-26.970252990722656,24.286685943603516
1788983113405960000,4.2009599609375,-26.972946166992188,-26.91716766357422,24.348114013671875
1788983113415920000,4.210920166015625,-27.060394287109375,-26.812713623046875,24.370609283447266
1788983113425879000,4.220879150390625,-27.141220092773438,-26.728633880615234,24.51421356201172
1788983113435839000,4.2308388671875,-27.248565673828125,-26.41891098022461,24.615123748779297
1788983113445799000,4.240798828125,-27.602203369140625,-25.992443084716797,24.828433990478516
1788983113455757800,4.2507578125,-27.9765625,-25.607498168945312,24.848163604736328
1788983113465718000,4.260718017578125,-27.934127807617188,-25.19720458984375,24.943378448486328
1788983113475678000,4.270677978515625,-27.813995361328125,-24.997730255126953,24.916332244873047
1788983113485636900,4.280636962890625,-27.875137329101562,-25.080791473388672,25.08834457397461
1788983113495596800,4.2905966796875,-27.360061645507812,-25.244579315185547,25.41949462890625
1788983113505556000,4.300555908203125,-27.096969604492188,-25.41754913330078,25.530475616455078
1788983113515516200,4.31051611328125,-26.9217529296875,-25.550655364990234,25.66887664794922
1788983113525476000,4.32047607421875,-26.650299072265625,-25.672149658203125,25.687118530273438
1788983113535435000,4.33043505859375,-26.699981689453125,-25.682201385498047,25.801517486572266
1788983113545395000,4.34039501953125,-26.692138671875,-25.74803924560547,26.060691833496094
1788983113555355000,4.35035498046875,-26.729843139648438,-25.462371826171875,26.20688247680664
1788983113565313800,4.360313720703125,-26.8494873046875,-25.171340942382812,26.384536743164062
1788983113575274000,4.37027392578125,-27.1983642578125,-24.981914520263672,26.342880249023438
1788983113585234000,4.38023388671875,-27.32928466796875,-24.672832489013672,26.55474853515625
1788983113595192800,4.39019287109375,-27.374160766601562,-24.49304962158203,26.642578125
1788983113605152800,4.40015283203125,-27.596282958984375,-24.079906463623047,26.880870819091797
1788983113615112000,4.41011181640625,-27.570755004882812,-23.77397918701172,26.93311309814453
1788983113625072000,4.420072021484375,-27.475997924804688,-23.66073226928711,27.153148651123047
1788983113635032000,4.430031982421875,-27.422683715820312,-23.514694213867188,27.357486724853516
1788983113644991000,4.439990966796875,-27.316268920898438,-23.314044952392578,27.637516021728516
1788983113654951000,4.449950927734375,-27.191192626953125,-23.145103454589844,28.0533447265625
1788983113664911000,4.4599111328125,-27.0595703125,-22.72827911376953,28.239120483398438
1788983113674870000,4.4698701171875,-27.296234130859375,-22.28667449951172,28.60376739501953
1788983113684830000,4.479829833984375,-27.541152954101562,-21.91796875,28.891101837158203
1788983113694788900,4.489788818359375,-27.460159301757812,-21.611438751220703,29.262882232666016
1788983113704748800,4.499748779296875,-27.4141845703125,-21.396087646484375,29.542346954345703
1788983113714709000,4.509708984375,-27.2196044921875,-21.033069610595703,29.763729095458984
1788983113724668000,4.51966796875,-26.958648681640625,-20.710437774658203,30.130189895629883
1788983113734627800,4.5296279296875,-27.09326171875,-20.107868194580078,30.429149627685547
1788983113744587800,4.539587890625,-27.20965576171875,-19.466381072998047,30.80002784729004
1788983113754547000,4.549546875,-27.4261474609375,-18.847606658935547,31.157133102416992
1788983113764507000,4.5595068359375,-27.485107421875,-18.256122589111328,31.487085342407227
1788983113774466000,4.569466064453125,-27.490615844726562,-17.582252502441406,31.871957778930664
1788983113784426000,4.579426025390625,-27.49658203125,-17.096881866455078,32.24327087402344
1788983113794386000,4.589385986328125,-27.21856689453125,-16.31051254272461,32.58058547973633
1788983113804344800,4.5993447265625,-27.452804565429688,-15.646349906921387,33.06096649169922
1788983113814304800,4.6093046875,-27.4586181640625,-14.919539451599121,33.421287536621094
1788983113824265000,4.619264892578125,-27.171524047851562,-14.431708335876465,33.72721862792969
1788983113834223900,4.629223876953125,-27.15966796875,-13.70470142364502,34.042579650878906
1788983113844183800,4.639183837890625,-27.184646606445312,-13.165358543395996,34.30844497680664
1788983113854143700,4.649143798828125,-27.085113525390625,-12.437535285949707,34.50016784667969
1788983113864103000,4.65910302734375,-27.026885986328125,-11.871328353881836,34.7866325378418
1788983113874063000,4.66906298828125,-27.106536865234375,-11.21656608581543,34.931602478027344
1788983113884022000,4.67902197265625,-27.289703369140625,-10.728903770446777,35.02328872680664
1788983113893982000,4.68898193359375,-27.355850219726562,-10.005391120910645,35.021873474121094
1788983113903942000,4.69894189453125,-27.848861694335938,-9.369933128356934,35.052223205566406
1788983113913900800,4.70890087890625,-28.001220703125,-8.658404350280762,35.09389114379883
1788983113923861000,4.718861083984375,-28.285934448242188,-7.937427520751953,34.97239685058594
1788983113933821000,4.728821044921875,-28.46600341796875,-7.183046340942383,34.921234130859375
1788983113943779800,4.73877978515625,-28.744476318359375,-6.543752670288086,34.844417572021484
1788983113953739800,4.74873974609375,-29.082901000976562,-5.816411972045898,34.69236755371094
1788983113963699200,4.75869921875,-29.25421142578125,-5.286925315856934,34.56975173950195
1788983113973659100,4.7686591796875,-29.347213745117188,-4.64487361907959,34.56248474121094
1788983113983619000,4.778619140625,-29.51409912109375,-4.0454301834106445,34.43915557861328
1788983113993578000,4.788577880859375,-29.848480224609375,-3.3100805282592773,34.44519805908203
1788983114003538200,4.7985380859375,-30.0152587890625,-2.7009811401367188,34.431251525878906
1788983114013498000,4.808498046875,-30.475723266601562,-2.2037429809570312,34.23611831665039
1788983114023457000,4.81845703125,-30.674575805664062,-1.4803504943847656,34.10517120361328
1788983114033417000,4.8284169921875,-30.949142456054688,-0.7217245101928711,33.79621124267578
1788983114043375900,4.8383759765625,-31.187591552734375,0.12349224090576172,33.49562072753906
1788983114053335800,4.848335693359375,-31.435531616210938,1.0756807327270508,33.279544830322266
1788983114063296000,4.8582958984375,-31.664932250976562,1.8738784790039062,32.97411346435547
1788983114073255200,4.868255126953125,-31.937835693359375,2.6704607009887695,32.654563903808594
1788983114083215000,4.878215087890625,-32.20701599121094,3.289783477783203,32.35307312011719
1788983114093175000,4.888175048828125,-32.297821044921875,4.005104064941406,32.1956787109375
1788983114103134000,4.898134033203125,-32.496826171875,4.497353553771973,31.8724308013916
1788983114113094100,4.90809423828125,-32.722503662109375,5.14510440826416,31.690662384033203
1788983114123054000,4.91805419921875,-32.92390441894531,5.770049095153809,31.707351684570312
1788983114133013000,4.928012939453125,-32.6583251953125,6.447864532470703,31.59995460510254
1788983114142973000,4.937972900390625,-32.40411376953125,6.811029434204102,31.576610565185547
1788983114152931800,4.947931884765625,-32.55213928222656,7.334863185882568,31.44036293029785
1788983114162892000,4.95789208984375,-32.5467529296875,8.04104232788086,31.377361297607422
1788983114172852000,4.96785205078125,-32.5467529296875,8.04104232788086,31.377361297607422
1788983114182811100,4.97781103515625,-32.50538635253906,8.748739242553711,30.993818283081055
1788983114192771000,4.98777099609375,-32.611175537109375,8.987330436706543,30.83175277709961
1788983114202731000,4.99773095703125,-32.821380615234375,9.373239517211914,30.813791275024414
1788983114212690200,5.007690185546875,-32.6363525390625,9.63853931427002,30.701570510864258
1788983114222650000,5.017650146484375,-32.768341064453125,10.037877082824707,30.44098472595215
1788983114232609000,5.027609130859375,-32.789703369140625,10.311178207397461,30.323047637939453
1788983114242569000,5.03756884765625,-32.91017150878906,10.843865394592285,30.139463424682617
1788983114252529000,5.04752880859375,-33.01676940917969,11.162891387939453,29.940425872802734
1788983114262488000,5.057488037109375,-33.04194641113281,11.647523880004883,29.741622924804688
1788983114272448000,5.067447998046875,-32.90815734863281,11.924612998962402,29.651321411132812
1788983114282408000,5.077407958984375,-33.05242919921875,12.388744354248047,29.3558349609375
1788983114292367000,5.0873671875,-33.21783447265625,12.752957344055176,29.090431213378906
1788983114302327000,5.0973271484375,-33.386505126953125,13.114989280700684,28.97750473022461
1788983114312286000,5.107285888671875,-33.509490966796875,13.40680980682373,28.722434997558594
1788983114322246100,5.11724609375,-33.316741943359375,13.756914138793945,28.57297134399414
1788983114332206000,5.1272060546875,-33.46600341796875,14.022981643676758,28.223758697509766
1788983114342165000,5.1371650390625,-33.42185974121094,14.339489936828613,28.139766693115234
1788983114352125000,5.147125,-33.17059326171875,14.658401489257812,28.05405044555664
1788983114362085000,5.157085205078125,-33.164886474609375,14.837488174438477,27.78748321533203
1788983114372044000,5.1670439453125,-33.40397644042969,15.20678997039795,27.62470245361328
1788983114382004000,5.17700390625,-33.21220397949219,15.46159839630127,27.488895416259766
1788983114391964000,5.1869638671875,-33.21220397949219,15.46159839630127,27.488895416259766
1788983114401922800,5.1969228515625,-33.11372375488281,15.822298049926758,27.198482513427734
1788983114411883000,5.206883056640625,-33.124176025390625,15.953929901123047,27.186153411865234
1788983114421842200,5.21684228515625,-33.26654052734375,16.141216278076172,27.03753662109375
1788983114431802000,5.226802001953125,-33.24188232421875,16.19027328491211,27.034473419189453
1788983114441762000,5.236761962890625,-33.152679443359375,16.392621994018555,26.92235565185547
1788983114451721000,5.246720947265625,-33.25538635253906,16.603256225585938,27.01791000366211
1788983114461681200,5.25668115234375,-33.13511657714844,16.698976516723633,26.988277435302734
1788983114471641000,5.26664111328125,-33.25048828125,16.76179313659668,26.85425567626953
1788983114481600000,5.27660009765625,-33.34564208984375,16.77219581604004,26.690235137939453
1788983114491560000,5.286559814453125,-33.03285217285156,16.949010848999023,26.544021606445312
1788983114501518800,5.296518798828125,-33.257476806640625,17.0317440032959,26.472389221191406
1788983114511478800,5.306478759765625,-33.20710754394531,17.021976470947266,26.342544555664062
1788983114521439000,5.31643896484375,-33.293243408203125,17.231761932373047,26.360652923583984
1788983114531398100,5.326398193359375,-33.17417907714844,17.417221069335938,26.319007873535156
1788983114541358000,5.336358154296875,-33.005950927734375,17.52814483642578,26.346771240234375
1788983114551318000,5.346318115234375,-32.981048583984375,17.65627670288086,26.192623138427734
1788983114561277000,5.35627685546875,-33.01094055175781,17.74817657470703,26.153564453125
1788983114571237000,5.366237060546875,-32.94642639160156,17.90178680419922,26.028507232666016
1788983114581197000,5.376197021484375,-32.810394287109375,17.970083236694336,26.134601593017578
1788983114591156000,5.386156005859375,-32.771087646484375,18.06134796142578,26.02245330810547
1788983114601116000,5.396115966796875,-32.77410888671875,18.160165786743164,26.055374145507812
1788983114611074800,5.40607470703125,-32.677703857421875,18.356287002563477,26.045684814453125
1788983114621035000,5.416034912109375,-32.764617919921875,18.337690353393555,26.177555084228516
1788983114630995000,5.425994873046875,-32.61109924316406,18.414649963378906,26.187885284423828
1788983114640954000,5.4359541015625,-32.72541809082031,18.558244705200195,26.27153778076172
1788983114650914000,5.4459140625,-32.70941162109375,18.540767669677734,26.147258758544922
1788983114660874200,5.455874267578125,-32.84942626953125,18.63945198059082,26.203453063964844
1788983114670833200,5.465833251953125,-32.70213317871094,18.815765380859375,26.07508087158203
1788983114680793000,5.47579296875,-32.763214111328125,18.713407516479492,26.177024841308594
1788983114690752000,5.485751953125,-32.861724853515625,18.80394744873047,26.214435577392578
1788983114700712000,5.4957119140625,-32.690643310546875,18.700130462646484,26.13693618774414
1788983114710672000,5.505671875,-32.47760009765625,18.770061492919922,26.217750549316406
1788983114720631000,5.515631103515625,-32.726409912109375,18.760055541992188,26.149154663085938
1788983114730591000,5.525591064453125,-32.74287414550781,18.81281280517578,25.99288558959961
1788983114740551000,5.535551025390625,-32.5987548828125,18.822751998901367,26.093021392822266
1788983114750510000,5.545510009765625,-32.5426025390625,18.860137939453125,26.170608520507812
1788983114760470000,5.555469970703125,-32.577423095703125,18.8535099029541,26.16547393798828
1788983114770429200,5.56542919921875,-32.54154968261719,18.80922508239746,26.117839813232422
1788983114780389000,5.57538916015625,-32.78593444824219,18.86112403869629,26.21051788330078
1788983114790349000,5.58534912109375,-32.510894775390625,19.00726890563965,26.40753173828125
1788983114800308000,5.595307861328125,-32.316070556640625,19.088247299194336,26.59811019897461
1788983114810268000,5.605267822265625,-32.20777893066406,19.278844833374023,26.68810272216797
1788983114820228000,5.61522802734375,-32.02476501464844,19.671234130859375,26.684600830078125
1788983114830187000,5.62518701171875,-31.77606201171875,20.05355453491211,26.59931182861328
1788983114840147000,5.63514697265625,-31.63409423828125,20.388652801513672,26.599903106689453
1788983114850107000,5.64510693359375,-31.686431884765625,20.811866760253906,26.307140350341797
1788983114860066000,5.655066162109375,-31.661056518554688,20.95282745361328,26.08316421508789
1788983114870026000,5.66502587890625,-31.82208251953125,20.94890785217285,25.927825927734375
1788983114879985200,5.674985107421875,-31.9029541015625,20.835569381713867,25.642528533935547
1788983114889945000,5.684945068359375,-32.13700866699219,20.55663299560547,25.59383773803711
1788983114899905000,5.694905029296875,-32.14604187011719,20.30120277404785,25.574676513671875
1788983114909864000,5.704864013671875,-32.210205078125,20.187061309814453,25.55990982055664
1788983114919824100,5.71482421875,-32.180694580078125,20.239261627197266,25.60439682006836
1788983114929784000,5.7247841796875,-32.26585388183594,20.384140014648438,25.634117126464844
1788983114939743000,5.734742919921875,-32.07472229003906,20.50196075439453,25.686382293701172
1788983114949703000,5.744702880859375,-31.748504638671875,20.79372215270996,25.476619720458984
1788983114959662000,5.754662109375,-31.485824584960938,21.152585983276367,25.57586669921875
1788983114969621800,5.764621826171875,-31.722381591796875,21.504152297973633,25.371383666992188
1788983114979582000,5.77458203125,-31.656936645507812,21.793025970458984,25.2474365234375
1788983114989540900,5.784540771484375,-31.681793212890625,22.129053115844727,25.097728729248047
1788983114999500800,5.794500732421875,-31.5714111328125,22.378185272216797,24.832130432128906
1788983115009460700,5.804460693359375,-31.57958984375,22.710800170898438,24.46468734741211
1788983115019419600,5.814419677734375,-31.73388671875,23.06191635131836,24.157978057861328
1788983115029379800,5.8243798828125,-31.887481689453125,23.414268493652344,23.679744720458984
1788983115039338800,5.8343388671875,-32.02204895019531,23.531801223754883,23.36676025390625
1788983115049298700,5.844298583984375,-32.175933837890625,23.80983543395996,22.936450958251953
1788983115059258600,5.854258544921875,-32.34611511230469,23.91977310180664,22.59081268310547
1788983115069217800,5.8642177734375,-32.53257751464844,24.229541778564453,22.157238006591797
1788983115079178000,5.874177978515625,-32.504302978515625,24.33587646484375,21.791122436523438
1788983115089138000,5.884137939453125,-32.45024108886719,24.791526794433594,21.524066925048828
1788983115099096800,5.894096923828125,-32.62773132324219,25.043272018432617,21.20584487915039
1788983115109056800,5.904056884765625,-32.455047607421875,25.273231506347656,20.76367950439453
1788983115119017000,5.914016845703125,-32.43055725097656,25.492422103881836,20.472854614257812
1788983115128976000,5.923975830078125,-32.56135559082031,25.987842559814453,20.063552856445312
1788983115138935800,5.933935791015625,-32.500885009765625,26.27332878112793,19.587936401367188
1788983115148894700,5.943894775390625,-32.61427307128906,26.690807342529297,19.077003479003906
1788983115158854700,5.953854736328125,-32.45051574707031,27.012922286987305,18.644161224365234
1788983115168814600,5.963814697265625,-32.486541748046875,27.516033172607422,18.091533660888672
1788983115178773800,5.973773681640625,-32.47821044921875,27.725811004638672,17.74591827392578
1788983115188733700,5.983733642578125,-32.245147705078125,28.172744750976562,17.21868133544922
1788983115198693600,5.993693603515625,-32.01997375488281,28.53937339782715,16.69011688232422
1788983115208652800,6.00365283203125,-32.30812072753906,28.88286590576172,16.224353790283203
1788983115218612700,6.01361279296875,-31.959548950195312,29.230287551879883,15.798534393310547
1788983115228571600,6.023571533203125,-32.03736877441406,29.508037567138672,15.16073226928711
1788983115238531800,6.03353173828125,-31.78369140625,29.886119842529297,14.503341674804688
1788983115248491800,6.04349169921875,-31.973129272460938,30.23830223083496,13.846492767333984
1788983115258450700,6.05345068359375,-31.915481567382812,30.47368812561035,13.36654281616211
1788983115268410600,6.06341064453125,-31.813766479492188,30.72467803955078,12.583694458007812
1788983115278370800,6.073370849609375,-32.1568603515625,30.981155395507812,11.936237335205078
1788983115288329700,6.083329833984375,-32.49012756347656,31.331073760986328,11.107749938964844
1788983115298289700,6.09328955078125,-32.183990478515625,31.446666717529297,10.429092407226562
1788983115308248800,6.103248779296875,-32.26017761230469,31.757801055908203,9.6634521484375
1788983115318208800,6.113208740234375,-32.10284423828125,31.895347595214844,9.12552261352539
1788983115328169000,6.1231689453125,-32.11798095703125,32.00464630126953,8.22531509399414
1788983115338128000,6.1331279296875,-32.00634765625,32.207237243652344,7.458255767822266
1788983115348087800,6.143087890625,-32.06925964355469,32.456512451171875,6.771595001220703
1788983115358047700,6.1530478515625,-32.28858947753906,32.65729522705078,5.94671630859375
1788983115368006700,6.163006591796875,-32.184417724609375,32.858009338378906,5.16015625
1788983115377966800,6.172966796875,-32.2083740234375,32.81977081298828,4.590076446533203
1788983115387926800,6.1829267578125,-32.363250732421875,32.92953109741211,3.7568931579589844
1788983115397885700,6.1928857421875,-32.450469970703125,32.88802719116211,2.9776840209960938
1788983115407845600,6.202845703125,-32.61204528808594,32.84053039550781,2.1350555419921875
1788983115417804800,6.2128046875,-32.49769592285156,32.763275146484375,1.4750900268554688
1788983115427764700,6.2227646484375,-32.788665771484375,32.61402893066406,0.5391616821289062
1788983115437725000,6.232724853515625,-32.90394592285156,32.51866149902344,-0.3834342956542969
1788983115447683800,6.242683837890625,-33.21253967285156,32.356956481933594,-1.1511039733886719
1788983115457643800,6.252643798828125,-33.1380615234375,32.321495056152344,-1.8947181701660156
1788983115467603700,6.262603759765625,-32.91804504394531,32.47898864746094,-2.539794921875
1788983115477562600,6.272562744140625,-32.507598876953125,32.617820739746094,-3.4519729614257812
1788983115487522800,6.282522705078125,-32.37101745605469,32.84380340576172,-4.564117431640625
1788983115497481700,6.292481689453125,-32.256988525390625,33.13998794555664,-5.51483154296875
1788983115507441700,6.302441650390625,-31.9215087890625,33.132484436035156,-6.428279876708984
1788983115517401600,6.312401611328125,-31.745407104492188,33.065452575683594,-7.279209136962891
1788983115527360800,6.32236083984375,-31.654190063476562,32.79913330078125,-8.197620391845703
1788983115537321000,6.332321044921875,-31.643692016601562,32.541725158691406,-8.954967498779297
1788983115547281000,6.342281005859375,-31.939910888671875,32.269981384277344,-9.61077880859375
1788983115557239800,6.35223974609375,-31.90985107421875,32.036712646484375,-10.218086242675781
1788983115567199700,6.36219970703125,-31.884933471679688,31.706571578979492,-10.794326782226562
1788983115577158700,6.37215869140625,-32.069183349609375,31.482288360595703,-11.470024108886719
1788983115587118800,6.382118896484375,-32.19679260253906,31.162948608398438,-11.957252502441406
1788983115597078800,6.392078857421875,-32.422149658203125,30.915027618408203,-12.514511108398438
1788983115607037700,6.40203759765625,-32.39717102050781,30.589000701904297,-12.964889526367188
1788983115616997600,6.41199755859375,-32.68522644042969,30.29700469970703,-13.427055358886719
1788983115626957600,6.42195751953125,-32.65983581542969,29.991294860839844,-14.030799865722656
1788983115636917000,6.4319169921875,-32.70928955078125,29.77217674255371,-14.607666015625
1788983115646877000,6.441876953125,-32.77362060546875,29.608184814453125,-15.186843872070312
1788983115656835800,6.4518359375,-32.57350158691406,29.423599243164062,-15.784774780273438
1788983115666795800,6.461795654296875,-32.57798767089844,29.206554412841797,-16.425647735595703
1788983115676755700,6.471755615234375,-32.20655822753906,28.94113540649414,-17.01833724975586
1788983115686714600,6.481714599609375,-31.999359130859375,28.8043212890625,-17.512950897216797
1788983115696674800,6.4916748046875,-32.10820007324219,28.658374786376953,-18.083911895751953
1788983115706634800,6.501634765625,-32.04832458496094,28.378612518310547,-18.580760955810547
1788983115716593700,6.51159375,-32.06571960449219,28.02303123474121,-19.122516632080078
1788983115726553600,6.5215537109375,-32.18194580078125,27.7059326171875,-19.60428237915039
1788983115736513800,6.531513671875,-32.22282409667969,27.401304244995117,-20.006404876708984
1788983115746473000,6.541472900390625,-32.1630859375,27.01837921142578,-20.383899688720703
1788983115756433000,6.551432861328125,-32.0189208984375,26.598121643066406,-20.881168365478516
1788983115766391800,6.561391845703125,-32.19618225097656,26.403671264648438,-21.24863052368164
1788983115776351700,6.571351806640625,-32.21275329589844,26.10944366455078,-21.796588897705078
1788983115786312000,6.58131201171875,-32.08415222167969,25.90434455871582,-22.125946044921875
1788983115796270800,6.591270751953125,-31.996307373046875,25.565473556518555,-22.508827209472656
1788983115806230800,6.601230712890625,-31.879150390625,25.463045120239258,-23.00830078125
1788983115816190700,6.611190673828125,-31.754638671875,25.25814437866211,-23.457359313964844
1788983115826149600,6.621149658203125,-31.380401611328125,25.001020431518555,-23.84729766845703
1788983115836109800,6.63110986328125,-31.33953857421875,24.768417358398438,-24.252120971679688
1788983115846068700,6.64106884765625,-31.250808715820312,24.577598571777344,-24.53412628173828
1788983115856028700,6.651028564453125,-31.351898193359375,24.39502716064453,-24.902488708496094
1788983115865988600,6.660988525390625,-31.263504028320312,24.191078186035156,-25.32479476928711
1788983115875947800,6.67094775390625,-31.069259643554688,23.941543579101562,-25.780872344970703
1788983115885907700,6.68090771484375,-30.852432250976562,23.722206115722656,-25.936771392822266
1788983115895868000,6.690867919921875,-30.730926513671875,23.15872573852539,-26.57175064086914
1788983115905826800,6.700826904296875,-30.732086181640625,23.163352966308594,-26.57964324951172
1788983115915786800,6.710786865234375,-30.521697998046875,22.992328643798828,-26.930519104003906
1788983115925746700,6.72074658203125,-30.632171630859375,22.89136505126953,-27.1500244140625
1788983115935705600,6.73070556640625,-30.74615478515625,22.462953567504883,-27.397384643554688
1788983115945665800,6.740665771484375,-30.74615478515625,22.462953567504883,-27.397384643554688
1788983115955624700,6.750624755859375,-30.702285766601562,22.305370330810547,-27.622581481933594
1788983115965585200,6.760585205078125,-30.513870239257812,22.299623489379883,-27.782470703125
1788983115975545000,6.770545166015625,-30.615341186523438,22.205102920532227,-27.828330993652344
1788983115985504300,6.780504150390625,-30.473648071289062,22.111722946166992,-27.910537719726562
1788983115995464200,6.790464111328125,-30.591033935546875,21.918699264526367,-27.98863983154297
1788983116005424400,6.80042431640625,-30.597976684570312,21.88546371459961,-28.095909118652344
1788983116015383300,6.81038330078125,-30.708358764648438,21.833202362060547,-28.1402587890625
1788983116025343200,6.82034326171875,-30.643692016601562,21.767723083496094,-27.971298217773438
1788983116035302100,6.83030224609375,-30.571258544921875,21.677827835083008,-28.3216552734375
1788983116045262000,6.840261962890625,-30.404876708984375,21.63062858581543,-28.317703247070312
1788983116055222000,6.850221923828125,-30.157485961914062,21.580434799194336,-28.379425048828125
1788983116065181200,6.86018115234375,-30.109024047851562,21.537376403808594,-28.46942138671875
1788983116075141000,6.87014111328125,-30.09423828125,21.441865921020508,-28.40985870361328
1788983116085101000,6.88010107421875,-30.104354858398438,21.42416763305664,-28.42896270751953
1788983116095060200,6.890060302734375,-30.0673828125,21.5449275970459,-28.420761108398438
1788983116105020200,6.900020263671875,-30.170852661132812,21.458324432373047,-28.685379028320312
1788983116114979000,6.90997900390625,-30.007904052734375,21.46255111694336,-28.757362365722656
1788983116124939300,6.919939208984375,-29.983840942382812,21.396696090698242,-28.808456420898438
1788983116134899200,6.929899169921875,-30.0911865234375,21.53293800354004,-28.90521240234375
1788983116144858000,6.939858154296875,-30.057876586914062,21.391305923461914,-28.99730682373047
1788983116154818000,6.949818115234375,-29.810821533203125,21.37651824951172,-28.894149780273438
1788983116164778200,6.9597783203125,-29.800643920898438,21.46210289001465,-29.057449340820312
1788983116174737200,6.969737060546875,-29.76312255859375,21.427602767944336,-29.02295684814453
1788983116184697000,6.979697021484375,-29.361618041992188,21.43972396850586,-29.133079528808594
1788983116194656300,6.98965625,-29.507186889648438,21.56492042541504,-28.99053955078125
1788983116204616200,6.9996162109375,-29.769561767578125,21.448165893554688,-29.034164428710938
1788983116214576000,7.009576171875,-29.674911499023438,21.41977310180664,-28.960914611816406
1788983116224535300,7.019535400390625,-29.879776000976562,21.38396453857422,-29.05123519897461
1788983116234495200,7.0294951171875,-29.811370849609375,21.268430709838867,-29.033374786376953
1788983116244455200,7.039455078125,-30.095458984375,21.09749412536621,-29.026744842529297
1788983116254414000,7.0494140625,-30.034942626953125,21.09777069091797,-28.979366302490234
1788983116264374300,7.059374267578125,-30.0599365234375,20.961200714111328,-28.923160552978516
1788983116274334200,7.069334228515625,-30.010971069335938,21.19232940673828,-28.871356964111328
1788983116284293000,7.079293212890625,-30.083145141601562,21.3111515045166,-28.804447174072266
1788983116294253000,7.089253173828125,-29.947433471679688,21.49431037902832,-28.856586456298828
1788983116304212000,7.0992119140625,-29.679214477539062,21.459199905395508,-28.917560577392578
1788983116314172000,7.109171875,-29.759475708007812,21.59076499938965,-29.04867935180664
1788983116324132000,7.119132080078125,-29.647186279296875,21.502086639404297,-29.180286407470703
1788983116334091300,7.12909130859375,-29.614837646484375,21.56503677368164,-29.226871490478516
1788983116344051200,7.13905126953125,-29.501556396484375,21.406475067138672,-29.39255142211914
1788983116354011100,7.14901123046875,-29.337661743164062,21.25790786743164,-29.42147445678711
1788983116363970000,7.158969970703125,-29.329696655273438,21.218385696411133,-29.48897933959961
1788983116373930200,7.16893017578125,-29.279586791992188,21.125877380371094,-29.420787811279297
1788983116383889200,7.17888916015625,-29.613815307617188,21.010366439819336,-29.393779754638672
1788983116393849000,7.18884912109375,-29.589187622070312,21.076007843017578,-29.240802764892578
1788983116403809000,7.19880908203125,-29.63592529296875,20.89006805419922,-29.243549346923828
1788983116413768000,7.208767822265625,-29.617538452148438,20.973642349243164,-29.159542083740234
1788983116423728000,7.21872802734375,-29.721847534179688,20.905067443847656,-29.12942123413086
1788983116433688000,7.22868798828125,-29.7293701171875,20.989330291748047,-29.027149200439453
1788983116443647200,7.238647216796875,-29.770050048828125,21.125057220458984,-29.135997772216797
1788983116453607200,7.248607177734375,-29.899444580078125,21.30364227294922,-28.98623275756836
1788983116463566000,7.258566162109375,-29.688949584960938,21.383853912353516,-28.887157440185547
1788983116473526300,7.2685263671875,-29.562637329101562,21.62297248840332,-28.913341522216797
1788983116483486200,7.278486328125,-29.365554809570312,21.892478942871094,-28.89211654663086
1788983116493445000,7.288445068359375,-29.138885498046875,22.118812561035156,-28.731388092041016
1788983116503405000,7.298405029296875,-28.961746215820312,22.430204391479492,-28.77322006225586
1788983116513365000,7.308364990234375,-28.711456298828125,22.626209259033203,-28.87093734741211
1788983116523324200,7.31832421875,-28.853927612304688,22.806568145751953,-28.83682632446289
1788983116533284000,7.3282841796875,-28.706192016601562,22.822772979736328,-28.815776824951172
1788983116543243300,7.3382431640625,-28.792587280273438,22.693220138549805,-29.05227279663086
1788983116553203200,7.348203125,-28.691818237304688,22.676990509033203,-29.157894134521484
1788983116563163100,7.3581630859375,-28.7637939453125,22.38422203063965,-29.201801300048828
1788983116573122000,7.3681220703125,-28.88531494140625,22.274370193481445,-29.489253997802734
1788983116583082200,7.378082275390625,-28.779678344726562,22.17279624938965,-29.522289276123047
1788983116593042200,7.388042236328125,-28.953948974609375,22.021005630493164,-29.472675323486328
1788983116603001000,7.3980009765625,-28.891586303710938,21.853591918945312,-29.477527618408203
1788983116612961000,7.4079609375,-28.817977905273438,21.731977462768555,-29.61104965209961
1788983116622921200,7.417921142578125,-28.927108764648438,21.645339965820312,-29.450855255126953
1788983116632880000,7.427880126953125,-29.194580078125,21.70815086364746,-29.361438751220703
1788983116642840000,7.437840087890625,-29.113677978515625,21.667234420776367,-29.45267105102539
1788983116652799200,7.44779931640625,-29.0545654296875,21.67794418334961,-29.332042694091797
1788983116662759200,7.45775927734375,-28.8599853515625,21.662796020507812,-29.41579818725586
1788983116672719400,7.46771923828125,-28.707061767578125,21.731121063232422,-29.46718978881836
1788983116682678300,7.47767822265625,-28.760696411132812,21.72708511352539,-29.520076751708984
1788983116692638200,7.48763818359375,-28.757843017578125,21.770584106445312,-29.524768829345703
1788983116702598100,7.49759814453125,-28.701705932617188,21.755115509033203,-29.520343780517578
1788983116712557000,7.50755712890625,-28.6324462890625,21.718229293823242,-29.633724212646484
1788983116722517200,7.517517333984375,-28.573654174804688,21.668170928955078,-29.61801528930664
1788983116732476200,7.52747607421875,-28.54388427734375,21.58924674987793,-29.64798355102539
1788983116742436000,7.53743603515625,-28.666183471679688,21.65361976623535,-29.611156463623047
1788983116752396000,7.54739599609375,-28.6444091796875,21.542293548583984,-29.641925811767578
1788983116762355200,7.557355224609375,-28.696823120117188,21.434894561767578,-29.800060272216797
1788983116772315100,7.567315185546875,-28.467498779296875,21.311290740966797,-29.88968276977539
1788983116782275000,7.577275146484375,-28.552093505859375,21.332448959350586,-29.76803207397461
1788983116792234200,7.587234130859375,-28.506927490234375,21.23790168762207,-29.705272674560547
1788983116802194200,7.597194091796875,-28.588760375976562,21.246055603027344,-29.921192169189453
1788983116812153000,7.607153076171875,-28.684967041015625,21.13909339904785,-29.981666564941406
1788983116822113000,7.617113037109375,-28.530502319335938,21.11035919189453,-30.093215942382812
1788983116832073200,7.6270732421875,-28.608642578125,21.104036331176758,-30.134017944335938
1788983116842032000,7.6370322265625,-28.327407836914062,21.049665451049805,-30.19061279296875
1788983116851992000,7.646991943359375,-28.497360229492188,20.882436752319336,-30.28911590576172
1788983116861952000,7.656951904296875,-28.598052978515625,20.798873901367188,-30.212242126464844
1788983116871911200,7.6669111328125,-28.800643920898438,20.678396224975586,-30.274398803710938
1788983116881871000,7.67687109375,-28.604217529296875,20.51587677001953,-30.397537231445312
1788983116891831000,7.6868310546875,-28.617660522460938,20.400754928588867,-30.45245361328125
1788983116901790200,7.696790283203125,-28.632064819335938,20.280508041381836,-30.585403442382812
1788983116911750100,7.706750244140625,-28.64166259765625,20.303211212158203,-30.7332763671875
1788983116921709000,7.716708984375,-28.175430297851562,20.455074310302734,-30.63573455810547
1788983116931669200,7.726669189453125,-27.948501586914062,20.495315551757812,-30.73943328857422
1788983116941629200,7.736629150390625,-27.877243041992188,20.555509567260742,-30.926162719726562
1788983116951588000,7.746588134765625,-27.998992919921875,20.648834228515625,-31.023704528808594
1788983116961548000,7.756548095703125,-27.963531494140625,20.74189567565918,-31.09154510498047
1788983116971507700,7.7665078125,-27.924652099609375,20.621965408325195,-30.99005889892578
1788983116981467000,7.776466796875,-27.856704711914062,20.561187744140625,-30.958358764648438
1788983116991426800,7.7864267578125,-28.094268798828125,20.39919662475586,-31.134796142578125
1788983117001385700,7.7963857421875,-28.224853515625,20.30638313293457,-31.082794189453125
1788983117011346000,7.806345947265625,-28.133010864257812,20.020462036132812,-31.093711853027344
1788983117021305900,7.816305908203125,-27.985336303710938,19.95049285888672,-31.172927856445312
1788983117031264800,7.8262646484375,-28.313888549804688,19.884645462036133,-31.372703552246094
1788983117041224700,7.836224609375,-28.225845336914062,19.731800079345703,-31.41405487060547
1788983117051184600,7.8461845703125,-28.395950317382812,19.541217803955078,-31.613601684570312
1788983117061143800,7.856143798828125,-28.432022094726562,19.41797637939453,-31.696701049804688
1788983117071103700,7.866103759765625,-28.362747192382812,19.20680046081543,-31.699703216552734
1788983117081063000,7.87606298828125,-28.549240112304688,19.15839385986328,-31.616222381591797
1788983117091022800,7.88602294921875,-28.597503662109375,19.004182815551758,-31.629741668701172
1788983117100982800,7.895982666015625,-28.409133911132812,19.11414337158203,-31.525707244873047
1788983117110942000,7.90594189453125,-28.484619140625,19.01523208618164,-31.693599700927734
1788983117120902000,7.91590185546875,-28.439910888671875,19.207921981811523,-31.731670379638672
1788983117130861800,7.92586181640625,-28.1180419921875,19.29073143005371,-31.731258392333984
1788983117140820700,7.93582080078125,-27.848236083984375,19.397293090820312,-31.712039947509766
1788983117150780700,7.94578076171875,-27.650894165039062,19.351909637451172,-31.818675994873047
1788983117160739600,7.955739501953125,-27.51556396484375,19.44084930419922,-31.926250457763672
1788983117170699800,7.96569970703125,-27.398696899414062,19.50302505493164,-31.97927474975586
1788983117180659700,7.97565966796875,-27.5111083984375,19.704383850097656,-31.942493438720703
1788983117190619000,7.985618896484375,-27.317413330078125,19.60597801208496,-32.04590606689453
1788983117200578800,7.995578857421875,-27.43994140625,19.719770431518555,-31.88104248046875
1788983117210538800,8.005538818359375,-27.65228271484375,19.66040802001953,-31.88336944580078
1788983117220498000,8.015497802734375,-27.711898803710938,19.581966400146484,-31.65069580078125
1788983117230457900,8.025457763671875,-27.808120727539062,19.379823684692383,-31.921066284179688
1788983117240417800,8.035417724609376,-27.750030517578125,19.27511215209961,-31.831138610839844
1788983117250376700,8.045376708984374,-27.742904663085938,19.118881225585938,-32.06200408935547
1788983117260337000,8.0553369140625,-27.713455200195312,19.2938175201416,-31.986053466796875
1788983117270295800,8.0652958984375,-27.857574462890625,19.188663482666016,-32.10614776611328
1788983117280255700,8.075255859375,-27.658096313476562,19.258323669433594,-32.13457489013672
1788983117290215700,8.085215576171874,-27.909912109375,19.221834182739258,-32.167457580566406
1788983117300174600,8.095174560546875,-27.6336669921875,19.275808334350586,-32.20439910888672
1788983117310134500,8.105134521484375,-27.550872802734375,19.2307071685791,-32.223182678222656
1788983117320094700,8.1150947265625,-27.51361083984375,19.16647720336914,-32.12950134277344
1788983117330054000,8.125053955078124,-27.606491088867188,19.099458694458008,-32.197174072265625
1788983117340013800,8.135013916015625,-27.675827026367188,19.183616638183594,-32.04278564453125
1788983117349972700,8.14497265625,-27.600341796875,19.076051712036133,-32.172035217285156
1788983117359932700,8.1549326171875,-27.554458618164062,19.110454559326172,-32.07225036621094
1788983117369892900,8.164892822265625,-27.75262451171875,19.139511108398438,-32.112648010253906
1788983117379851800,8.174851806640625,-27.918167114257812,19.13959503173828,-32.056495666503906
1788983117389811700,8.184811767578125,-27.816513061523438,19.114742279052734,-32.07940673828125
1788983117399771600,8.194771728515626,-27.736282348632812,19.065401077270508,-32.00963592529297
1788983117409730600,8.20473046875,-27.723953247070312,19.074838638305664,-31.91777801513672
1788983117419690800,8.214690673828125,-27.861083984375,19.031307220458984,-31.875137329101562
1788983117429650000,8.22464990234375,-27.831588745117188,18.94051742553711,-31.86865997314453
1788983117439609900,8.23460986328125,-27.76104736328125,19.06464195251465,-31.708389282226562
1788983117449569800,8.24456982421875,-27.971481323242188,19.059110641479492,-31.641075134277344
1788983117459528700,8.25452880859375,-28.119583129882812,19.13648223876953,-31.54798126220703
1788983117469489000,8.264489013671875,-28.286285400390625,19.015972137451172,-31.528549194335938
1788983117479448800,8.27444873046875,-28.084014892578125,19.01736831665039,-31.41126251220703
1788983117489407700,8.28440771484375,-28.097915649414062,19.05539321899414,-31.389137268066406
1788983117499367700,8.29436767578125,-28.274398803710938,19.17035484313965,-31.19744873046875
1788983117509326600,8.30432666015625,-28.212356567382812,19.065881729125977,-31.242603302001953
1788983117519286800,8.314286865234376,-28.496963500976562,19.075407028198242,-31.220775604248047
1788983117529246700,8.324246826171875,-28.439193725585938,18.949155807495117,-31.36972427368164
1788983117539206000,8.334205810546875,-28.478530883789062,19.040287017822266,-31.38486099243164
1788983117549165800,8.344165771484375,-28.42486572265625,18.852291107177734,-31.309864044189453
1788983117559125800,8.354125732421876,-28.421188354492188,18.741355895996094,-31.241413116455078
1788983117569085000,8.3640849609375,-28.7105712890625,18.759429931640625,-31.263973236083984
1788983117579044900,8.374044921875,-28.907516479492188,18.697593688964844,-31.124141693115234
1788983117589004800,8.3840048828125,-29.199905395507812,18.57225227355957,-30.993762969970703
1788983117598963700,8.393963623046876,-29.296127319335938,18.629779815673828,-30.86599349975586
1788983117608923600,8.403923583984374,-29.553482055664062,18.632333755493164,-30.758647918701172
1788983117618882600,8.413882568359375,-29.685516357421875,18.771453857421875,-30.50777816772461
1788983117628842800,8.4238427734375,-29.716033935546875,18.87874984741211,-30.381771087646484
1788983117638802700,8.433802734375,-29.671829223632812,19.144548416137695,-30.317279815673828
1788983117648761900,8.443761962890624,-29.747177124023438,19.26780128479004,-30.244457244873047
1788983117658721800,8.4537216796875,-29.56585693359375,19.417160034179688,-30.136363983154297
1788983117668682000,8.463681884765625,-29.501922607421875,19.433513641357422,-30.151081085205078
1788983117678641000,8.473640869140626,-29.755081176757812,19.267593383789062,-30.314899444580078
1788983117688600800,8.483600830078124,-29.824417114257812,19.29767608642578,-30.263919830322266
1788983117698559700,8.493559814453125,-29.9290771484375,19.121498107910156,-30.20907211303711
1788983117708519700,8.503519775390625,-30.274215698242188,19.005422592163086,-30.269283294677734
1788983117718480000,8.51347998046875,-30.368072509765625,18.77712059020996,-30.113475799560547
1788983117728438800,8.523438720703124,-30.391433715820312,18.60773277282715,-30.087596893310547
1788983117738398700,8.533398681640625,-30.4498291015625,18.399757385253906,-29.908802032470703
1788983117748358700,8.543358642578125,-30.637344360351562,18.22237205505371,-29.823070526123047
1788983117758317800,8.55331787109375,-30.942825317382812,18.121335983276367,-29.692790985107422
1788983117768277800,8.56327783203125,-31.115676879882812,17.959514617919922,-29.638484954833984
1788983117778237000,8.57323681640625,-31.184738159179688,17.86396598815918,-29.555423736572266
1788983117788196900,8.58319677734375,-31.370849609375,17.988481521606445,-29.601299285888672
1788983117798156800,8.59315673828125,-31.220748901367188,18.209142684936523,-29.697132110595703
1788983117808115700,8.60311572265625,-31.066436767578125,18.40647315979004,-29.68368911743164
1788983117818075600,8.61307568359375,-31.015213012695312,18.6490478515625,-29.723331451416016
1788983117828035800,8.623035888671875,-30.532394409179688,18.807315826416016,-29.656871795654297
1788983117837994800,8.632994873046876,-30.342132568359375,18.82547378540039,-29.829540252685547
1788983117847954700,8.64295458984375,-29.968887329101562,18.956829071044922,-29.92910385131836
1788983117857913900,8.652913818359375,-29.882492065429688,19.12248992919922,-30.075443267822266
1788983117867873800,8.662873779296875,-29.566390991210938,19.312963485717773,-30.222064971923828
1788983117877833700,8.672833740234376,-29.580718994140625,19.347702026367188,-30.369556427001953
1788983117887793000,8.68279296875,-29.698440551757812,19.35980987548828,-30.393661499023438
1788983117897752800,8.6927529296875,-29.814285278320312,19.432323455810547,-30.41077423095703
1788983117907712800,8.702712646484375,-29.8511962890625,19.44463348388672,-30.440414428710938
1788983117917671700,8.712671630859376,-29.845443725585938,19.29977798461914,-30.44774627685547
1788983117927632000,8.7226318359375,-29.867263793945312,19.11357879638672,-30.480186462402344
1788983117937591800,8.732591796875,-29.943984985351562,19.171106338500977,-30.41345977783203
1788983117947550700,8.74255078125,-30.416488647460938,19.079912185668945,-30.421791076660156
1788983117957510700,8.7525107421875,-30.287429809570312,19.16634750366211,-30.33843994140625
1788983117967469800,8.7624697265625,-30.197891235351562,19.147546768188477,-30.37866973876953
1788983117977429800,8.7724296875,-30.035385131835938,19.098291397094727,-30.36681365966797
1788983117987389700,8.7823896484375,-30.00537109375,19.08954620361328,-30.40362548828125
1788983117997348900,8.792348876953126,-30.026077270507812,19.06759262084961,-30.333084106445312
1788983118007309000,8.80230908203125,-29.808502197265625,19.1435546875,-30.4306640625
1788983118017269000,8.81226904296875,-29.914031982421875,19.116334915161133,-30.622596740722656
1788983118027228000,8.822227783203125,-29.637252807617188,19.24627113342285,-30.793212890625
1788983118037187800,8.832187744140626,-29.519058227539062,19.281810760498047,-30.71953582763672
1788983118047146800,8.842146728515624,-29.494338989257812,19.16697120666504,-30.756683349609375
1788983118057107000,8.85210693359375,-29.4342041015625,19.189685821533203,-30.82939910888672
1788983118067067000,8.86206689453125,-29.571685791015625,19.090723037719727,-30.847618103027344
1788983118077025800,8.87202587890625,-29.324356079101562,19.190929412841797,-30.812469482421875
1788983118086985700,8.88198583984375,-29.4979248046875,19.047456741333008,-30.931182861328125
1788983118096946000,8.89194580078125,-29.540008544921875,18.99732208251953,-30.87065887451172
1788983118106905000,8.901905029296875,-29.546783447265625,18.849868774414062,-30.90955352783203
1788983118116865000,8.911864990234376,-29.584304809570312,18.778995513916016,-30.96795654296875
1788983118126824000,8.921823974609374,-29.547317504882812,18.669946670532227,-31.07331085205078
1788983118136784000,8.931783935546875,-29.547317504882812,18.669946670532227,-31.07331085205078
1788983118146743800,8.941743896484375,-29.547088623046875,18.57906723022461,-31.256134033203125
1788983118156703000,8.951702880859376,-29.45501708984375,18.497684478759766,-31.265518188476562
1788983118166663000,8.961662841796874,-29.455001831054688,18.379554748535156,-31.26934051513672
1788983118176622800,8.971622802734375,-29.61138916015625,18.38222885131836,-31.368858337402344
1788983118186581800,8.981581787109375,-29.609695434570312,18.22738265991211,-31.557586669921875
1788983118196541700,8.991541748046876,-29.731597900390625,18.313507080078125,-31.348976135253906
1788983118206502000,9.001501953125,-29.624832153320312,18.11346435546875,-31.290237426757812
1788983118216461000,9.0114609375,-29.959243774414062,18.10627555847168,-31.25067138671875
1788983118226421000,9.0214208984375,-30.021636962890625,18.00278663635254,-31.337554931640625
1788983118236380000,9.0313798828125,-30.26080322265625,18.089872360229492,-31.340782165527344
1788983118246339800,9.04133984375,-30.270187377929688,18.049903869628906,-31.293190002441406
1788983118256300000,9.051300048828125,-30.10723876953125,17.97262954711914,-31.22467041015625
1788983118266259000,9.061259033203125,-30.070785522460938,17.842042922973633,-31.366310119628906
1788983118276219000,9.071218994140626,-30.123046875,17.912029266357422,-31.350189208984375
1788983118286178800,9.0811787109375,-30.1104736328125,17.930625915527344,-31.418781280517578
1788983118296137700,9.0911376953125,-30.016952514648438,17.92078399658203,-31.304073333740234
1788983118306098000,9.101097900390625,-29.89849853515625,18.10128402709961,-31.381038665771484
1788983118316057000,9.11105712890625,-29.793075561523438,18.271638870239258,-31.408702850341797
1788983118326017000,9.12101708984375,-30.009979248046875,18.241769790649414,-31.352123260498047
1788983118335977000,9.13097705078125,-29.995635986328125,18.22247314453125,-31.280826568603516
1788983118345936000,9.140935791015625,-30.078460693359375,18.273033142089844,-31.318805694580078
1788983118355896000,9.15089599609375,-30.067245483398438,18.161476135253906,-31.313732147216797
1788983118365856000,9.16085595703125,-30.523681640625,18.007890701293945,-31.37545394897461
1788983118375815000,9.17081494140625,-30.610687255859375,17.951560974121094,-31.096324920654297
1788983118385774800,9.18077490234375,-30.808197021484375,17.7049617767334,-31.156871795654297
1788983118395733800,9.190733642578126,-30.857269287109375,17.54095458984375,-31.12508773803711
1788983118405694000,9.20069384765625,-30.845504760742188,17.314369201660156,-31.28073501586914
1788983118415654000,9.21065380859375,-30.812942504882812,17.18901252746582,-31.213153839111328
1788983118425612800,9.22061279296875,-30.953369140625,16.995840072631836,-31.404621124267578
1788983118435572700,9.23057275390625,-30.97802734375,16.936079025268555,-31.453243255615234
1788983118445532700,9.24053271484375,-31.005630493164062,16.811887741088867,-31.650066375732422
1788983118455491800,9.250491943359375,-31.04278564453125,16.905414581298828,-31.661205291748047
1788983118465452000,9.2604521484375,-30.822662353515625,16.892976760864258,-31.776081085205078
1788983118475411000,9.270410888671876,-30.663986206054688,16.984973907470703,-31.892902374267578
1788983118485371000,9.280370849609374,-30.739089965820312,17.00578498840332,-32.05183029174805
1788983118495330800,9.290330810546875,-30.879959106445312,17.031696319580078,-32.13884353637695
1788983118505289700,9.300289794921875,-30.661026000976562,16.921384811401367,-32.179561614990234
1788983118515250000,9.31025,-30.458633422851562,16.963367462158203,-32.2022590637207
1788983118525209900,9.3202099609375,-30.282257080078125,16.929916381835938,-32.227596282958984
1788983118535168800,9.330168701171875,-30.377899169921875,16.927698135375977,-32.144779205322266
1788983118545128700,9.340128662109375,-30.318038940429688,16.85924530029297,-32.07319259643555
1788983118555089000,9.3500888671875,-30.201736450195312,16.87969398498535,-32.0131721496582
1788983118565048000,9.360048095703124,-30.36151123046875,16.724077224731445,-31.838733673095703
1788983118575008000,9.370008056640625,-30.63653564453125,16.7730655670166,-32.04683303833008
1788983118584967000,9.379966796875,-30.841705322265625,16.604459762573242,-32.1790885925293
1788983118594926800,9.3899267578125,-30.634567260742188,16.39023208618164,-32.13838577270508
1788983118604887000,9.399886962890625,-30.894287109375,16.33523178100586,-32.09315872192383
1788983118614846000,9.409845947265625,-30.777175903320312,16.35297203063965,-32.075870513916016
1788983118624806000,9.419805908203125,-30.8814697265625,16.245105743408203,-32.08269119262695
1788983118634765800,9.429765869140626,-30.655014038085938,16.2073974609375,-32.02114486694336
1788983118644724700,9.439724853515624,-30.813018798828125,16.23333168029785,-31.97414779663086
1788983118654684700,9.4496845703125,-30.996734619140625,16.419647216796875,-31.926654815673828
1788983118664644000,9.45964404296875,-30.954055786132812,16.28704833984375,-32.019657135009766
1788983118674604000,9.46960400390625,-30.988723754882812,16.306957244873047,-31.943103790283203
1788983118684564000,9.47956396484375,-30.718215942382812,16.164798736572266,-32.025630950927734
1788983118694523000,9.48952294921875,-30.947784423828125,16.351940155029297,-32.005760192871094
1788983118704482800,9.49948291015625,-30.844192504882812,16.196670532226562,-32.02964782714844
1788983118714443000,9.509443115234374,-30.646957397460938,16.221567153930664,-32.02751922607422
1788983118724402000,9.51940185546875,-30.716400146484375,16.16857147216797,-32.140953063964844
1788983118734361900,9.52936181640625,-30.742813110351562,16.215457916259766,-32.17377471923828
1788983118744320800,9.53932080078125,-30.565948486328125,16.167062759399414,-32.161033630371094
1788983118754280700,9.54928076171875,-30.564285278320312,16.080575942993164,-32.284202575683594
1788983118764241000,9.559240966796875,-30.409408569335938,15.970915794372559,-32.244529724121094
1788983118774200000,9.569199951171875,-30.487655639648438,16.023616790771484,-32.319725036621094
1788983118784160000,9.579159912109375,-30.671554565429688,15.949431419372559,-32.30974578857422
1788983118794120000,9.589119873046876,-30.638748168945312,15.933732032775879,-32.28193664550781
1788983118804078800,9.599078857421874,-30.438583374023438,15.76321029663086,-32.32121276855469
1788983118814039000,9.6090390625,-30.437759399414062,15.795357704162598,-32.33338165283203
1788983118823998000,9.618998046875,-30.751983642578125,15.722789764404297,-32.50103759765625
1788983118833958000,9.6289580078125,-30.6258544921875,15.634894371032715,-32.512229919433594
1788983118843917800,9.638917724609374,-30.694168090820312,15.50037956237793,-32.63291931152344
1788983118853876700,9.648876708984375,-30.645767211914062,15.358022689819336,-32.66590881347656
1788983118863837000,9.6588369140625,-30.65264892578125,15.31877326965332,-32.655975341796875
1788983118873796900,9.668796875,-30.610427856445312,15.146242141723633,-32.630531311035156
1788983118883756000,9.678756103515624,-30.541671752929688,15.112933158874512,-32.733543395996094
1788983118893716000,9.688716064453125,-30.598587036132812,14.95434284210205,-32.82179260253906
1788983118903675000,9.6986748046875,-30.460723876953125,14.581953048706055,-32.84333801269531
1788983118913634800,9.708634765625,-30.538421630859375,14.500167846679688,-32.885108947753906
1788983118923595000,9.718594970703125,-30.402084350585938,14.281014442443848,-32.815696716308594
1788983118933554000,9.728553955078125,-30.52978515625,13.996118545532227,-32.74168395996094
1788983118943513900,9.738513916015625,-30.764328002929688,13.715446472167969,-32.905906677246094
1788983118953473800,9.748473876953126,-30.6705322265625,13.485982894897461,-32.86827850341797
1788983118963432700,9.7584326171875,-31.024566650390625,13.275961875915527,-32.57304382324219
1788983118973393700,9.7683935546875,-31.055587768554688,13.274819374084473,-32.41766357421875
1788983118983353600,9.778353515625,-31.382049560546875,13.44226360321045,-32.173316955566406
1788983118993312500,9.7883125,-31.63751220703125,13.456582069396973,-31.873435974121094
1788983119003272400,9.7982724609375,-31.630050659179688,13.495085716247559,-31.629547119140625
1788983119013231900,9.80823193359375,-32.17478942871094,13.565160751342773,-31.423545837402344
1788983119023191800,9.81819189453125,-32.08277893066406,13.672029495239258,-31.33576202392578
1788983119033151700,9.82815185546875,-32.31477355957031,13.467893600463867,-31.37896728515625
1788983119043110700,9.838110595703125,-32.5076904296875,12.936237335205078,-31.462249755859375
1788983119053070600,9.848070556640625,-32.29573059082031,12.385965347290039,-31.6092529296875
1788983119063030800,9.85803076171875,-32.04534912109375,11.894449234008789,-31.884986877441406
1788983119072989700,9.86798974609375,-32.081695556640625,11.316028594970703,-32.22716522216797
1788983119082949600,9.87794970703125,-31.935195922851562,10.975547790527344,-32.526641845703125
1788983119092908500,9.887908447265625,-31.86859130859375,10.397433280944824,-32.763458251953125
1788983119102868500,9.897868408203125,-31.526931762695312,9.9288969039917,-33.14801025390625
1788983119112828700,9.90782861328125,-31.339553833007812,9.375429153442383,-33.47187423706055
1788983119122787800,9.917787841796875,-31.340087890625,8.91659164428711,-33.54366683959961
1788983119132747800,9.927747802734375,-31.261260986328125,8.383081436157227,-34.002010345458984
1788983119142707700,9.937707763671876,-31.21771240234375,7.832107067108154,-34.231563568115234
1788983119152666600,9.94766650390625,-31.008575439453125,7.146603107452393,-34.354530334472656
1788983119162626800,9.957626708984375,-31.2125244140625,6.445816993713379,-34.62773895263672
1788983119172585700,9.967585693359375,-31.220687866210938,5.596711158752441,-34.71100997924805
1788983119182545700,9.977545654296875,-31.197891235351562,4.982732772827148,-34.80049514770508
1788983119192505600,9.987505615234374,-31.28271484375,4.367984771728516,-34.89019775390625
1788983119202464500,9.997464599609375,-31.074722290039062,3.577005386352539,-35.079124450683594
1788983119212424700,10.0074248046875,-30.970367431640625,2.740241050720215,-35.28131103515625
1788983119222384600,10.017384521484376,-30.689620971679688,2.1273937225341797,-35.404624938964844
1788983119232343600,10.027343505859376,-30.510543823242188,1.3105430603027344,-35.4583625793457
1788983119242303500,10.037303466796875,-30.48797607421875,0.5984592437744141,-35.54738235473633
1788983119252263400,10.047263427734375,-30.441177368164062,-0.3869333267211914,-35.617340087890625
1788983119262222600,10.05722265625,-30.217803955078125,-1.0961456298828125,-35.835975646972656
1788983119272182800,10.067182861328124,-30.062759399414062,-2.0073299407958984,-35.91022491455078
1788983119282141700,10.0771416015625,-29.872222900390625,-2.8930912017822266,-36.176414489746094
1788983119292101600,10.0871015625,-29.802078247070312,-3.9216461181640625,-36.06247329711914
1788983119302061600,10.0970615234375,-29.533462524414062,-4.668041229248047,-36.02725601196289
1788983119312020500,10.1070205078125,-29.340713500976562,-5.728707313537598,-36.11530303955078
1788983119321980700,10.116980712890625,-29.056610107421875,-6.51425838470459,-36.112548828125
1788983119331940600,10.126940673828125,-28.948379516601562,-7.696934700012207,-35.937904357910156
1788983119341899500,10.1368994140625,-28.89459228515625,-8.51063060760498,-35.95831298828125
1788983119351859500,10.146859375,-28.749130249023438,-9.531988143920898,-35.730125427246094
1788983119361818600,10.156818603515624,-28.548095703125,-10.235969543457031,-35.68077850341797
1788983119371778800,10.16677880859375,-28.310546875,-11.194720268249512,-35.44451904296875
1788983119381738800,10.17673876953125,-28.427047729492188,-12.016148567199707,-35.21449279785156
1788983119391697700,10.18669775390625,-28.370574951171875,-12.870640754699707,-34.915550231933594
1788983119401657600,10.19665771484375,-28.013809204101562,-13.665297508239746,-34.77178955078125
1788983119411617800,10.20661767578125,-27.873519897460938,-14.4628324508667,-34.61015701293945
1788983119421576700,10.21657666015625,-27.57000732421875,-15.088326454162598,-34.342105865478516
1788983119431536600,10.22653662109375,-27.619003295898438,-15.963122367858887,-33.988075256347656
1788983119441495600,10.23649560546875,-27.629409790039062,-16.658924102783203,-33.78398132324219
1788983119451455500,10.24645556640625,-27.611282348632812,-17.415998458862305,-33.30331802368164
1788983119461415400,10.25641552734375,-27.538986206054688,-17.94001579284668,-33.11354446411133
1788983119471374800,10.266374755859376,-27.491043090820312,-18.68490982055664,-32.69675827026367
1788983119481334800,10.276334716796875,-27.357147216796875,-19.135406494140625,-32.458187103271484
1788983119491294700,10.286294677734375,-27.380477905273438,-19.822853088378906,-32.090763092041016
1788983119501253600,10.296253662109375,-27.243621826171875,-20.36111068725586,-31.770015716552734
1788983119511213600,10.306213623046874,-27.291824340820312,-20.98105812072754,-31.517967224121094
1788983119521172700,10.3161728515625,-27.211257934570312,-21.477697372436523,-31.141456604003906
1788983119531132700,10.326132568359375,-27.236526489257812,-22.01593017578125,-30.881103515625
1788983119541092600,10.336092529296875,-26.950393676757812,-22.523658752441406,-30.485061645507812
1788983119551051500,10.346051513671876,-27.097885131835938,-23.0079345703125,-30.236671447753906
1788983119561011500,10.356011474609375,-27.030899047851562,-23.328041076660156,-29.890647888183594
1788983119570971600,10.3659716796875,-26.966140747070312,-23.960124969482422,-29.51612091064453
1788983119580930800,10.375930908203125,-26.87921142578125,-24.224281311035156,-29.33415985107422
1788983119590890800,10.385890869140624,-26.741546630859375,-24.6878662109375,-28.87828826904297
1788983119600849700,10.395849609375,-26.57867431640625,-24.945819854736328,-28.611412048339844
1788983119610809600,10.4058095703125,-26.559478759765625,-25.332778930664062,-28.302783966064453
1788983119620769800,10.415769775390626,-26.513351440429688,-25.605243682861328,-28.077289581298828
1788983119630728700,10.425728759765626,-26.602096557617188,-26.07632064819336,-27.764652252197266
1788983119640688600,10.435688720703125,-26.451141357421875,-26.349224090576172,-27.571277618408203
1788983119650648600,10.445648681640625,-26.325515747070312,-26.580596923828125,-27.187885284423828
1788983119660607500,10.455607421875,-26.438018798828125,-26.753944396972656,-26.983142852783203
1788983119670567700,10.465567626953124,-26.394241333007812,-26.9945068359375,-26.798297882080078
1788983119680527600,10.475527587890625,-26.209259033203125,-27.25790023803711,-26.71023178100586
1788983119690486800,10.48548681640625,-26.19732666015625,-27.528263092041016,-26.403644561767578
1788983119700446700,10.49544677734375,-26.180084228515625,-27.663097381591797,-26.21860122680664
1788983119710405600,10.505405517578126,-26.224441528320312,-27.871414184570312,-26.172351837158203
1788983119720365600,10.515365478515625,-26.015625,-28.047809600830078,-26.156200408935547
1788983119730325800,10.52532568359375,-25.608200073242188,-28.34888458251953,-26.019420623779297
1788983119740284700,10.53528466796875,-25.439361572265625,-28.51919174194336,-26.049121856689453
1788983119750244600,10.54524462890625,-25.719314575195312,-28.62110137939453,-26.032005310058594
1788983119760204500,10.55520458984375,-25.666702270507812,-28.510101318359375,-25.812889099121094
1788983119770163500,10.56516357421875,-26.207443237304688,-28.29924774169922,-25.771713256835938
1788983119780123600,10.57512353515625,-26.16748046875,-28.141178131103516,-25.859092712402344
1788983119790082800,10.585082763671876,-26.655029296875,-27.964542388916016,-25.519569396972656
1788983119800042800,10.595042724609375,-26.655029296875,-27.964542388916016,-25.519569396972656
1788983119810002700,10.605002685546875,-26.721969604492188,-28.451122283935547,-24.826507568359375
1788983119819961600,10.614961669921875,-26.721969604492188,-28.451122283935547,-24.826507568359375
1788983119829921800,10.624921875,-26.406524658203125,-29.186141967773438,-24.32416534423828
1788983119839881700,10.6348818359375,-26.348159790039062,-29.477214813232422,-24.155014038085938
1788983119849840600,10.644840576171875,-26.34588623046875,-29.475406646728516,-24.154518127441406
1788983119859800600,10.654800537109375,-26.12261962890625,-29.855815887451172,-23.82550811767578
1788983119869759500,10.664759521484376,-26.117294311523438,-29.735187530517578,-23.941558837890625
1788983119879719700,10.6747197265625,-26.122024536132812,-29.714012145996094,-23.940147399902344
1788983119889679600,10.6846796875,-25.941741943359375,-29.525970458984375,-24.0404052734375
1788983119899638500,10.694638427734375,-25.941741943359375,-29.525970458984375,-24.0404052734375
1788983119909598500,10.704598388671876,-25.881973266601562,-29.160980224609375,-24.104469299316406
1788983119919558400,10.714558349609375,-26.234085083007812,-29.09235382080078,-24.134483337402344
1788983119929517800,10.724517822265625,-26.392120361328125,-28.99072265625,-24.284561157226562
1788983119939477800,10.734477783203126,-26.560348510742188,-29.046615600585938,-24.15972900390625
1788983119949436700,10.744436767578126,-26.560348510742188,-29.046615600585938,-24.15972900390625
1788983119959396600,10.754396728515625,-26.700241088867188,-28.934749603271484,-23.92816925048828
1788983119969356500,10.7643564453125,-26.8612060546875,-28.938217163085938,-23.846389770507812
1788983119979315500,10.7743154296875,-26.798995971679688,-29.013813018798828,-23.79107666015625
1788983119989275400,10.784275390625,-26.837295532226562,-29.085651397705078,-23.661205291748047
1788983119999235600,10.794235595703125,-26.837295532226562,-29.085651397705078,-23.661205291748047
1788983120009194500,10.804194580078125,-26.767959594726562,-29.275474548339844,-23.306468963623047
1788983120019154400,10.814154541015625,-26.690048217773438,-29.43628692626953,-23.18380355834961
1788983120029114400,10.8241142578125,-26.727249145507812,-29.47405242919922,-23.226924896240234
1788983120039073500,10.834073486328125,-26.518051147460938,-29.578514099121094,-23.031230926513672
1788983120049033500,10.844033447265625,-26.518051147460938,-29.578514099121094,-23.031230926513672
1788983120058992600,10.85399267578125,-26.295547485351562,-29.746559143066406,-23.030170440673828
1788983120068952600,10.86395263671875,-26.46441650390625,-29.782325744628906,-23.030696868896484
1788983120078912500,10.87391259765625,-26.32452392578125,-29.856895446777344,-22.993328094482422
1788983120088871400,10.883871337890625,-26.400711059570312,-29.968894958496094,-22.810199737548828
1788983120098831400,10.893831298828125,-26.400711059570312,-29.968894958496094,-22.810199737548828
1788983120108791600,10.90379150390625,-26.58544921875,-29.92147445678711,-22.735553741455078
1788983120118750500,10.91375048828125,-26.3759765625,-30.007152557373047,-22.619609832763672
1788983120128710400,10.92371044921875,-26.529678344726562,-30.082996368408203,-22.559253692626953
1788983120138669600,10.933669677734375,-26.422348022460938,-30.212398529052734,-22.395977020263672
1788983120148629500,10.94362939453125,-26.422348022460938,-30.212398529052734,-22.395977020263672
1788983120158589700,10.953589599609375,-26.3360595703125,-30.16744613647461,-22.383617401123047
1788983120168548600,10.963548583984375,-26.291000366210938,-30.243610382080078,-22.168781280517578
1788983120178508500,10.973508544921875,-26.236419677734375,-30.385425567626953,-22.040302276611328
1788983120188468500,10.983468505859374,-26.300918579101562,-30.305034637451172,-21.976703643798828
1788983120198427400,10.993427490234374,-26.300918579101562,-30.305034637451172,-21.976703643798828
1788983120208387600,11.0033876953125,-25.941726684570312,-30.59337615966797,-21.92563247680664
1788983120218346500,11.013346435546875,-25.87921142578125,-30.68256378173828,-21.806217193603516
1788983120228306400,11.023306396484376,-25.908843994140625,-30.703807830810547,-21.678668975830078
1788983120238266400,11.033266357421875,-25.687408447265625,-30.971553802490234,-21.650775909423828
1788983120248225500,11.0432255859375,-25.444686889648438,-31.03917694091797,-21.593021392822266
1788983120258185700,11.053185791015625,-25.437042236328125,-31.095199584960938,-21.46944808959961
1788983120268145700,11.063145751953124,-25.413818359375,-31.270980834960938,-21.290000915527344
1788983120278104600,11.0731044921875,-25.372024536132812,-31.34485626220703,-21.249847412109375
1788983120288064500,11.083064453125,-25.152496337890625,-31.571571350097656,-20.919647216796875
1788983120298023400,11.0930234375,-25.122848510742188,-31.68048095703125,-20.903579711914062
1788983120307983600,11.102983642578126,-25.192245483398438,-31.96234893798828,-20.53807830810547
1788983120317943600,11.112943603515625,-24.935317993164062,-32.17816925048828,-20.18061065673828
1788983120327902500,11.12290234375,-25.077468872070312,-32.43766784667969,-19.77060317993164
1788983120337862400,11.1328623046875,-24.991683959960938,-32.5797119140625,-19.482189178466797
1788983120347822300,11.142822265625,-24.95867919921875,-32.986656188964844,-18.946231842041016
1788983120357781500,11.152781494140624,-24.895782470703125,-33.097747802734375,-18.752147674560547
1788983120367741700,11.16274169921875,-24.890853881835938,-33.32993698120117,-18.287078857421875
1788983120377700600,11.17270068359375,-24.843994140625,-33.53717041015625,-17.627426147460938
1788983120387660500,11.18266064453125,-24.991302490234375,-33.89680099487305,-17.281837463378906
1788983120397620500,11.192620361328125,-25.210678100585938,-34.05326461791992,-16.718093872070312
1788983120407579400,11.202579345703125,-25.575363159179688,-34.06166076660156,-16.07428741455078
1788983120417539600,11.21253955078125,-25.981689453125,-33.761260986328125,-15.716514587402344
1788983120427499500,11.22249951171875,-26.72589111328125,-33.65582275390625,-15.106407165527344
1788983120437458400,11.23245849609375,-27.045333862304688,-33.51526641845703,-14.670372009277344
1788983120447418400,11.24241845703125,-27.205596923828125,-33.649818420410156,-14.132308959960938
1788983120457378600,11.252378662109376,-27.277755737304688,-33.830718994140625,-13.803817749023438
1788983120467337700,11.262337646484376,-27.277755737304688,-33.830718994140625,-13.803817749023438
1788983120477297700,11.272297607421875,-26.483383178710938,-34.65870666503906,-12.858436584472656
1788983120487256600,11.282256591796875,-26.376007080078125,-35.0627555847168,-12.421279907226562
1788983120497216500,11.292216552734375,-25.76397705078125,-35.51837921142578,-12.087352752685547
1788983120507176400,11.302176513671874,-25.40118408203125,-35.8779296875,-11.55051040649414
1788983120517135600,11.312135498046874,-25.40118408203125,-35.8779296875,-11.55051040649414
1788983120527095600,11.322095458984375,-24.485931396484375,-36.63665771484375,-10.733661651611328
1788983120537055500,11.332055419921875,-24.524795532226562,-36.90220260620117,-10.478858947753906
1788983120547014400,11.342014404296876,-24.79998779296875,-36.9615592956543,-9.785072326660156
1788983120556974300,11.351974365234375,-24.901992797851562,-37.0483512878418,-9.448051452636719
1788983120566933500,11.36193359375,-24.901992797851562,-37.0483512878418,-9.448051452636719
1788983120576893700,11.371893798828125,-25.010101318359375,-36.8958740234375,-8.489810943603516
1788983120586853600,11.381853515625,-25.2066650390625,-37.07374572753906,-7.881671905517578
1788983120596812500,11.3918125,-25.173721313476562,-36.98591232299805,-7.277214050292969
1788983120606772500,11.4017724609375,-25.28759765625,-37.111724853515625,-6.6480865478515625
1788983120616732700,11.411732666015626,-25.287384033203125,-37.1146354675293,-6.645801544189453
1788983120626691600,11.421691650390626,-25.310684204101562,-37.46782684326172,-5.538013458251953
1788983120636651500,11.431651611328125,-25.199249267578125,-37.58956527709961,-5.082118988037109
1788983120646610400,11.4416103515625,-24.944290161132812,-37.805458068847656,-4.338306427001953
1788983120656570400,11.4515703125,-24.84100341796875,-37.84963607788086,-3.733001708984375
1788983120666530600,11.461530517578124,-24.619781494140625,-37.943904876708984,-3.0468368530273438
1788983120676489500,11.471489501953124,-24.261795043945312,-38.271236419677734,-2.493793487548828
1788983120686449400,11.481449462890625,-24.018692016601562,-38.28015899658203,-1.6927719116210938
1788983120696409300,11.491409423828125,-23.695175170898438,-38.353477478027344,-1.0675773620605469
1788983120706368500,11.501368408203126,-23.95416259765625,-38.38288879394531,-0.2798919677734375
1788983120716328700,11.51132861328125,-24.091949462890625,-38.465240478515625,0.33753204345703125
1788983120726288600,11.52128857421875,-24.013961791992188,-38.60365295410156,1.2649345397949219
1788983120736247600,11.53124755859375,-23.745742797851562,-38.5443000793457,1.9450645446777344
1788983120746207500,11.54120751953125,-23.917953491210938,-38.61991500854492,2.8181724548339844
1788983120756166400,11.55116650390625,-23.721923828125,-38.521751403808594,3.501659393310547
1788983120766126600,11.561126708984375,-23.39752197265625,-38.40367126464844,4.199043273925781
1788983120776086500,11.57108642578125,-23.442962646484375,-38.32200622558594,5.008571624755859
1788983120786045400,11.58104541015625,-23.130401611328125,-38.206565856933594,5.796459197998047
1788983120796005400,11.59100537109375,-23.127761840820312,-38.21125793457031,6.345523834228516
1788983120805965300,11.60096533203125,-23.244110107421875,-38.126953125,7.256992340087891
1788983120815924500,11.610924560546875,-22.882583618164062,-37.93754577636719,8.042037963867188
1788983120825884700,11.620884765625,-22.925537109375,-37.79986572265625,8.751853942871094
1788983120835843600,11.630843505859374,-22.791397094726562,-37.63980484008789,9.544349670410156
1788983120845803500,11.640803466796875,-22.938308715820312,-37.51219177246094,10.403823852539062
1788983120855763500,11.650763427734375,-22.853179931640625,-37.35124206542969,11.064754486083984
1788983120865722400,11.660722412109376,-22.85186767578125,-37.07569885253906,11.906974792480469
1788983120875682600,11.6706826171875,-22.899917602539062,-36.82713317871094,12.50235366821289
1788983120885642500,11.680642578125,-22.650390625,-36.725921630859375,13.137969970703125
1788983120895601400,11.690601318359375,-22.775375366210938,-36.50674819946289,13.775684356689453
1788983120905561300,11.700561279296876,-22.601943969726562,-36.278263092041016,14.467670440673828
1788983120915520500,11.7105205078125,-22.471710205078125,-35.95388412475586,14.93606185913086
1788983120925480700,11.720480712890625,-22.527145385742188,-35.684268951416016,15.670276641845703
1788983120935440600,11.730440673828125,-22.324996948242188,-35.51625442504883,16.19666290283203
1788983120945399600,11.740399658203126,-22.558975219726562,-35.233978271484375,16.792861938476562
1788983120955359500,11.750359375,-22.441253662109375,-35.01578903198242,17.24898910522461
1788983120965319700,11.760319580078125,-22.535629272460938,-34.86595153808594,17.76171875
1788983120975278300,11.7702783203125,-22.522415161132812,-34.574607849121094,18.207015991210938
1788983120985238500,11.780238525390626,-22.357742309570312,-34.38719177246094,18.767040252685547
1788983120995197400,11.790197509765624,-22.467117309570312,-34.1920051574707,19.37643051147461
1788983121005157400,11.800157470703125,-22.505096435546875,-33.812007904052734,19.739234924316406
1788983121015117300,11.810117431640625,-22.394805908203125,-33.640480041503906,20.272727966308594
1788983121025076500,11.820076416015626,-22.572891235351562,-33.28127670288086,20.769134521484375
1788983121035036400,11.830036376953124,-22.31976318359375,-33.11827850341797,21.175743103027344
1788983121044996600,11.83999658203125,-22.48858642578125,-32.8758659362793,21.66199493408203
1788983121054955500,11.84995556640625,-22.6087646484375,-32.548667907714844,21.89577865600586
1788983121064915500,11.85991552734375,-22.9720458984375,-32.1114501953125,22.309738159179688
1788983121074874400,11.869874267578124,-23.1568603515625,-31.62504005432129,22.658180236816406
1788983121084834300,11.879834228515625,-23.455795288085938,-31.104764938354492,22.957233428955078
1788983121094794500,11.88979443359375,-23.931671142578125,-30.596824645996094,23.346481323242188
1788983121104753400,11.89975341796875,-23.974075317382812,-30.051292419433594,23.67703628540039
1788983121114713300,11.90971337890625,-23.997528076171875,-29.80478286743164,24.013275146484375
1788983121124673300,11.91967333984375,-23.94146728515625,-29.664058685302734,24.314842224121094
1788983121134632400,11.929632568359375,-23.793121337890625,-29.478336334228516,24.6876220703125
1788983121144592600,11.939592529296876,-23.764816284179688,-29.09369659423828,25.11846923828125
1788983121154551600,11.949551513671874,-23.719024658203125,-28.800395965576172,25.391681671142578
1788983121164511500,11.959511474609375,-23.88983154296875,-28.355518341064453,25.733989715576172
1788983121174471400,11.969471435546875,-23.97119140625,-27.947540283203125,26.068981170654297
1788983121184430300,11.979430419921876,-24.027664184570312,-27.704036712646484,26.451923370361328
1788983121194390500,11.989390625,-24.30401611328125,-27.292980194091797,26.68124771118164
1788983121204350500,11.9993505859375,-24.190643310546875,-26.9747314453125,26.99658966064453
1788983121214309400,12.009309326171875,-24.076919555664062,-26.56500244140625,27.309112548828125
1788983121224269300,12.019269287109376,-24.063568115234375,-26.374412536621094,27.53321075439453
1788983121234228500,12.029228515625,-23.833206176757812,-26.206310272216797,27.841270446777344
1788983121244188700,12.039188720703125,-23.798553466796875,-26.22003173828125,27.919845581054688
1788983121254148600,12.049148681640625,-23.713272094726562,-25.91128158569336,28.064491271972656
1788983121264107500,12.059107421875,-23.582595825195312,-25.80551528930664,28.236858367919922
1788983121274067500,12.0690673828125,-23.57379150390625,-25.768756866455078,28.307899475097656
1788983121284027400,12.07902734375,-23.586349487304688,-25.607280731201172,28.305522918701172
1788983121293986300,12.088986328125,-23.5460205078125,-25.508390426635742,28.44379425048828
1788983121303946500,12.098946533203126,-23.737548828125,-25.428041458129883,28.549407958984375
1788983121313906400,12.108906494140625,-23.730422973632812,-25.161645889282227,28.766094207763672
1788983121323865300,12.118865234375,-23.79010009765625,-25.088472366333008,28.81867218017578
1788983121333825300,12.1288251953125,-23.70684814453125,-24.90262794494629,29.001449584960938
1788983121343784400,12.138784423828126,-23.53265380859375,-24.800752639770508,29.018505096435547
1788983121353744400,12.148744384765624,-23.887771606445312,-24.54532241821289,29.30377197265625
1788983121363704300,12.158704345703125,-23.725082397460938,-24.446487426757812,29.338287353515625
1788983121373663500,12.16866357421875,-24.001419067382812,-24.4010009765625,29.468887329101562
1788983121383623400,12.17862353515625,-23.978073120117188,-24.407821655273438,29.64902114868164
1788983121393583600,12.18858349609375,-23.930633544921875,-24.27356719970703,29.740734100341797
1788983121403542500,12.19854248046875,-23.908599853515625,-24.11843490600586,29.812606811523438
1788983121413502500,12.20850244140625,-23.927993774414062,-24.109149932861328,29.705257415771484
1788983121423461400,12.21846142578125,-23.909759521484375,-24.029788970947266,29.69469451904297
1788983121433421300,12.22842138671875,-24.030914306640625,-24.046695709228516,29.816654205322266
1788983121443381500,12.238381591796875,-23.843215942382812,-24.101966857910156,29.67613983154297
1788983121453340400,12.24834033203125,-23.798187255859375,-24.04146957397461,29.735755920410156
1788983121463300400,12.25830029296875,-23.900009155273438,-24.175559997558594,29.661434173583984
1788983121473260300,12.26826025390625,-23.917922973632812,-24.030181884765625,29.833003997802734
1788983121483219500,12.278219482421875,-23.87908935546875,-24.06427764892578,29.831302642822266
1788983121493179400,12.288179443359375,-23.7001953125,-24.013397216796875,29.793289184570312
1788983121503138600,12.298138671875,-23.721511840820312,-24.246566772460938,29.73969268798828
1788983121513098500,12.308098388671874,-23.745620727539062,-24.1851806640625,29.80994415283203
1788983121523058400,12.318058349609375,-23.681488037109375,-24.24417495727539,29.698837280273438
1788983121533017300,12.328017333984375,-24.018402099609375,-24.071834564208984,29.5728759765625
1788983121542977300,12.337977294921876,-23.880722045898438,-24.329818725585938,29.48986053466797
1788983121552937500,12.3479375,-24.068252563476562,-24.179073333740234,29.665481567382812
1788983121562896400,12.357896484375,-24.015457153320312,-24.296855926513672,29.577247619628906
1788983121572856300,12.367856201171875,-23.89404296875,-24.24124526977539,29.638282775878906
1788983121582815500,12.3778154296875,-23.957916259765625,-24.332462310791016,29.596885681152344
1788983121592775400,12.387775390625,-24.110107421875,-24.218196868896484,29.663578033447266
1788983121602735600,12.397735595703125,-24.185455322265625,-24.193218231201172,29.73016357421875
1788983121612694500,12.407694580078125,-24.017562866210938,-24.034889221191406,29.635807037353516
1788983121622654500,12.417654541015626,-23.778121948242188,-24.186981201171875,29.47699737548828
1788983121632614400,12.427614501953125,-23.769577026367188,-24.147884368896484,29.678401947021484
1788983121642573300,12.4375732421875,-23.38519287109375,-24.569766998291016,29.609519958496094
1788983121652533500,12.447533447265625,-23.130844116210938,-24.868072509765625,29.46466064453125
1788983121662493400,12.457493408203124,-23.130844116210938,-24.868072509765625,29.46466064453125
1788983121672452400,12.467452392578124,-22.960922241210938,-25.215030670166016,29.262432098388672
1788983121682412300,12.477412353515625,-23.093399047851562,-25.26634979248047,29.2333984375
1788983121692371500,12.487371337890625,-23.281524658203125,-25.221450805664062,29.066272735595703
1788983121702331600,12.49733154296875,-23.502197265625,-25.16272735595703,29.072372436523438
1788983121712291600,12.50729150390625,-23.502197265625,-25.16272735595703,29.072372436523438
1788983121722250500,12.51725048828125,-23.312454223632812,-25.061065673828125,29.067359924316406
1788983121732210400,12.52721044921875,-23.23944091796875,-25.105358123779297,29.081642150878906
1788983121742170400,12.53717041015625,-23.223129272460938,-25.055503845214844,29.12262725830078
1788983121752129300,12.54712939453125,-23.306381225585938,-25.206375122070312,29.08037567138672
1788983121762089500,12.55708935546875,-23.306381225585938,-25.206375122070312,29.08037567138672
1788983121772048400,12.56704833984375,-23.278610229492188,-25.159324645996094,29.19806671142578
1788983121782008300,12.57700830078125,-23.278610229492188,-25.159324645996094,29.19806671142578
1788983121791968300,12.58696826171875,-23.29327392578125,-25.2530517578125,29.106548309326172
1788983121801927400,12.596927490234375,-23.375213623046875,-25.197067260742188,29.12015151977539
1788983121811887600,12.6068876953125,-23.049835205078125,-25.240333557128906,29.16094207763672
1788983121821847600,12.61684765625,-22.856765747070312,-25.263519287109375,29.272510528564453
1788983121831806500,12.626806396484374,-22.858139038085938,-25.26929473876953,29.277950286865234
1788983121841766400,12.636766357421875,-23.090957641601562,-25.44554901123047,29.407093048095703
1788983121851725300,12.646725341796875,-23.012313842773438,-25.550403594970703,29.197837829589844
1788983121861685500,12.656685546875,-23.012313842773438,-25.550403594970703,29.197837829589844
1788983121871645400,12.6666455078125,-22.948501586914062,-25.533512115478516,28.98666763305664
1788983121881604400,12.676604248046875,-22.948501586914062,-25.533512115478516,28.98666763305664
1788983121891564300,12.686564208984375,-23.367935180664062,-25.75490951538086,28.791446685791016
1788983121901524500,12.6965244140625,-23.492141723632812,-25.814983367919922,28.80944061279297
1788983121911483600,12.706483642578124,-23.338485717773438,-25.788841247558594,28.63455581665039
1788983121921443600,12.716443603515625,-23.388137817382812,-25.795974731445312,28.626720428466797
